Workbook
Name res_Nov23.: data!$A$2:$D$29162

Sheet pivot
A3: Sum of value | B3: Column Labels
A4: Row Labels | B4: (blank) | C4: cumulative-IPC | D4: instructions | E4: cycles | F4: L1D-USEFUL | G4: L1D-USELESS | H4: L1I-USEFUL | I4: L1I-USELESS | J4: L2C-USEFUL | K4: L2C-USELESS | L4: LLC-USEFUL | M4: LLC-USELESS | N4: disp-0 | O4: disp-1 | P4: disp-2 | Q4: disp-3 | R4: disp-4 | S4: disp-5 | T4: disp-6 | U4: disp-7 | V4: disp-8 | W4: disp-9 | X4: disp-10 | Y4: disp-11 | Z4: disp-12 | AA4: disp-13 | AB4: disp-14 | AC4: disp-15 | AD4: disp-16 | AE4: disp-17 | AF4: disp-18 | AG4: disp-19 | AH4: disp-20 | AI4: disp-21 | AJ4: disp-22 | AK4: disp-23 | AL4: disp-24 | AM4: disp-25 | AN4: disp-26 | AO4: disp-27 | AP4: disp-28 | AQ4: disp-29 | AR4: disp-30 | AS4: disp-31 | AT4: disp-32 | AU4: disp-33 | AV4: disp-34 | AW4: disp-35 | AX4: disp-36 | AY4: disp-37 | AZ4: disp-38 | BA4: disp-39 | BB4: disp-40 | BC4: disp-41 | BD4: disp-42 | BE4: disp-43 | BF4: disp-44 | BG4: disp-45 | BH4: disp-46 | BI4: disp-47 | BJ4: disp-48 | BK4: disp-49 | BL4: disp-50 | BM4: disp-51 | BN4: disp-52 | BO4: disp-53 | BP4: disp-54 | BQ4: disp-55 | BR4: disp-56 | BS4: disp-57 | BT4: disp-58 | BU4: disp-59 | BV4: disp-60 | BW4: disp-61 | BX4: disp-62 | BY4: disp-63 | BZ4: disp-64 | CA4: disp-65 | CB4: total_mispredicts | CC4: diffBits-0 | CD4: diffBits-1 | CE4: diffBits-2 | CF4: diffBits-3 | CG4: diffBits-4 | CH4: diffBits-5 | CI4: diffBits-6 | CJ4: diffBits-7 | CK4: diffBits-8 | CL4: diffBits-9 | CM4: diffBits-10 | CN4: diffBits-11 | CO4: diffBits-12 | CP4: diffBits-13 | CQ4: diffBits-14 | CR4: diffBits-15 | CS4: diffBits-16 | CT4: diffBits-17 | CU4: diffBits-18 | CV4: diffBits-19 | CW4: diffBits-20 | CX4: diffBits-21 | CY4: diffBits-22 | CZ4: diffBits-23 | DA4: diffBits-24 | DB4: diffBits-25 | DC4: diffBits-26 | DD4: diffBits-27 | DE4: diffBits-28 | DF4: diffBits-29 | DG4: diffBits-30 | DH4: diffBits-31 | DI4: diffBits-32 | DJ4: diffBits-33 | DK4: diffBits-34 | DL4: diffBits-35 | DM4: diffBits-36 | DN4: diffBits-37 | DO4: diffBits-38 | DP4: diffBits-39 | DQ4: diffBits-40 | DR4: diffBits-41 | DS4: diffBits-42 | DT4: diffBits-43 | DU4: diffBits-44 | DV4: diffBits-45 | DW4: diffBits-46 | DX4: diffBits-47 | DY4: diffBits-48 | DZ4: diffBits-49 | EA4: diffBits-50 | EB4: diffBits-51 | EC4: diffBits-52 | ED4: diffBits-53 | EE4: diffBits-54 | EF4: diffBits-55 | EG4: diffBits-56 | EH4: diffBits-57 | EI4: diffBits-58 | EJ4: diffBits-59 | EK4: diffBits-60 | EL4: diffBits-61 | EM4: diffBits-62 | EN4: diffBits-63 | EO4: diffBits-64 | EP4: diffBits-65 | EQ4: BTB_4D_Hits | ER4: BTB_6D_Hits | ES4: BTB_8D_Hits | ET4: BTB_12D_Hits | EU4: BTB_18D_Hits | EV4: BTB_25D_Hits | EW4: BTB_46D_Hits | EX4: BTB_Ret_Hits | EY4: BTB_4D_Misses | EZ4: BTB_6D_Misses | FA4: BTB_8D_Misses | FB4: BTB_12D_Misses | FC4: BTB_18D_Misses | FD4: BTB_25D_Misses | FE4: BTB_46D_Misses | FF4: BTB_Ret_Misses | FG4: total_direction_mispredicts | FH4: total_target_mispredicts1 | FI4: total_target_mispredicts2 | FJ4: mispredict_on_btb_hit | FK4: NOT_BRANCH: | FL4: BRANCH_DIRECT_JUMP: | FM4: BRANCH_INDIRECT: | FN4: BRANCH_CONDITIONAL: | FO4: BRANCH_DIRECT_CALL: | FP4: BRANCH_INDIRECT_CALL: | FQ4: BRANCH_RETURN: | FR4: BRANCH_OTHER: | FS4: BTB_reads: | FT4: BTB_writes: | FU4: PageBTB_reads: | FV4: PageBTB_writes: | FW4: PageBTB_readsBeforeWrite: | FX4: RegionBTB_reads: | FY4: RegionBTB_writes: | FZ4: RegionBTB_readsBeforeWrite: | GA4: Num_unique_branches | GB4: Grand Total
A5: (blank)
A6: (blank)
A7: (blank) Total
A8: client_001
A9: no_BTBX | C9: 0.999102 | D9: 50000003 | E9: 50044928 | F9: 134862 | G9: 253541 | H9: 0 | I9: 0 | J9: 14306 | K9: 127209 | L9: 31497 | M9: 90396 | CB9: 421055 | EQ9: 597915 | ER9: 978422 | ES9: 590782 | ET9: 494765 | EU9: 354189 | EV9: 385275 | EW9: 4163 | EX9: 720758 | EY9: 100262 | EZ9: 3612 | FA9: 39945 | FB9: 326 | FC9: 3290 | FD9: 253 | FE9: 194 | FF9: 2802 | FG9: 163031 | FH9: 110663 | FI9: 147361 | FJ9: 107340 | FK9: 0 | FL9: 0 | FM9: 6288 | FN9: 0 | FO9: 0 | FP9: 55444 | FQ9: 45608 | FR9: 0 | FS9: 5181420 | FT9: 1223 | FU9: 0 | FV9: 0 | FW9: 0 | FX9: 0 | FY9: 0 | FZ9: 0 | GA9: 7708 | GB9: 1.1122084e+08
A10: fdip_BTBX | C10: 1.03678 | D10: 50000003 | E10: 48226457 | F10: 130820 | G10: 253391 | H10: 102658 | I10: 41550 | J10: 16110 | K10: 138501 | L10: 29902 | M10: 97266 | N10: 1439710 | O10: 0 | P10: 932 | Q10: 617057 | R10: 986168 | S10: 947322 | T10: 1120852 | U10: 880375 | V10: 623804 | W10: 304971 | X10: 188595 | Y10: 56844 | Z10: 30297 | AA10: 38724 | AB10: 98325 | AC10: 38246 | AD10: 17284 | AE10: 51977 | AF10: 66683 | AG10: 225881 | AH10: 219617 | AI10: 298040 | AJ10: 305781 | AK10: 44847 | AL10: 0 | AM10: 0 | AN10: 0 | AO10: 9359 | AP10: 0 | AQ10: 0 | AR10: 0 | AS10: 0 | AT10: 0 | AU10: 0 | AV10: 0 | AW10: 0 | AX10: 0 | AY10: 0 | AZ10: 0 | BA10: 0 | BB10: 0 | BC10: 0 | BD10: 0 | BE10: 0 | BF10: 0 | BG10: 0 | BH10: 0 | BI10: 0 | BJ10: 0 | BK10: 0 | BL10: 0 | BM10: 0 | BN10: 0 | BO10: 0 | BP10: 0 | BQ10: 0 | BR10: 0 | BS10: 0 | BT10: 0 | BU10: 0 | BV10: 0 | BW10: 0 | BX10: 0 | BY10: 0 | BZ10: 0 | CA10: 0 | CB10: 634957 | CC10: 1439710 | CD10: 506 | CE10: 362293 | CF10: 350362 | CG10: 724575 | CH10: 1041876 | CI10: 1132643 | CJ10: 509269 | CK10: 383316 | CL10: 387504 | CM10: 487589 | CN10: 241393 | CO10: 96023 | CP10: 23123 | CQ10: 42129 | CR10: 68812 | CS10: 84677 | CT10: 68050 | CU10: 118834 | CV10: 68240 | CW10: 255228 | CX10: 203619 | CY10: 505808 | CZ10: 6753 | DA10: 0 | DB10: 0 | DC10: 0 | DD10: 9359 | DE10: 0 | DF10: 0 | DG10: 0 | DH10: 0 | DI10: 0 | DJ10: 0 | DK10: 0 | DL10: 0 | DM10: 0 | DN10: 0 | DO10: 0 | DP10: 0 | DQ10: 0 | DR10: 0 | DS10: 0 | DT10: 0 | DU10: 0 | DV10: 0 | DW10: 0 | DX10: 0 | DY10: 0 | DZ10: 0 | EA10: 0 | EB10: 0 | EC10: 0 | ED10: 0 | EE10: 0 | EF10: 0 | EG10: 0 | EH10: 0 | EI10: 0 | EJ10: 0 | EK10: 0 | EL10: 0 | EM10: 0 | EN10: 0 | EO10: 0 | EP10: 0 | EQ10: 561315 | ER10: 913419 | ES10: 566899 | ET10: 490005 | EU10: 354190 | EV10: 385279 | EW10: 4163 | EX10: 716465 | EY10: 136860 | EZ10: 31056 | FA10: 89648 | FB10: 12064 | FC10: 6942 | FD10: 1362 | FE10: 194 | FF10: 7097 | FG10: 158201 | FH10: 202378 | FI10: 274378 | FJ10: 191533 | FK10: 0 | FL10: 0 | FM10: 6288 | FN10: 0 | FO10: 0 | FP10: 55444 | FQ10: 129801 | FR10: 0 | FS10: 50347478 | FT10: 1223 | FU10: 0 | FV10: 0 | FW10: 0 | FX10: 0 | FY10: 0 | FZ10: 0 | GA10: 7708 | GB10: 1.7254639e+08
A11: fdip_convBTB | C11: 1.03678 | D11: 50000003 | E11: 48226171 | F11: 130685 | G11: 253397 | H11: 103271 | I11: 41847 | J11: 16049 | K11: 138754 | L11: 29876 | M11: 97169 | N11: 1439710 | O11: 0 | P11: 932 | Q11: 617057 | R11: 986168 | S11: 947322 | T11: 1120852 | U11: 880375 | V11: 623804 | W11: 304971 | X11: 188595 | Y11: 56844 | Z11: 30297 | AA11: 38724 | AB11: 98325 | AC11: 38246 | AD11: 17284 | AE11: 51977 | AF11: 66683 | AG11: 225881 | AH11: 219617 | AI11: 298040 | AJ11: 305781 | AK11: 44847 | AL11: 0 | AM11: 0 | AN11: 0 | AO11: 9359 | AP11: 0 | AQ11: 0 | AR11: 0 | AS11: 0 | AT11: 0 | AU11: 0 | AV11: 0 | AW11: 0 | AX11: 0 | AY11: 0 | AZ11: 0 | BA11: 0 | BB11: 0 | BC11: 0 | BD11: 0 | BE11: 0 | BF11: 0 | BG11: 0 | BH11: 0 | BI11: 0 | BJ11: 0 | BK11: 0 | BL11: 0 | BM11: 0 | BN11: 0 | BO11: 0 | BP11: 0 | BQ11: 0 | BR11: 0 | BS11: 0 | BT11: 0 | BU11: 0 | BV11: 0 | BW11: 0 | BX11: 0 | BY11: 0 | BZ11: 0 | CA11: 0 | CB11: 638279 | CC11: 1439710 | CD11: 506 | CE11: 362293 | CF11: 350362 | CG11: 724575 | CH11: 1041876 | CI11: 1132643 | CJ11: 509269 | CK11: 383316 | CL11: 387504 | CM11: 487589 | CN11: 241393 | CO11: 96023 | CP11: 23123 | CQ11: 42129 | CR11: 68812 | CS11: 84677 | CT11: 68050 | CU11: 118834 | CV11: 68240 | CW11: 255228 | CX11: 203619 | CY11: 505808 | CZ11: 6753 | DA11: 0 | DB11: 0 | DC11: 0 | DD11: 9359 | DE11: 0 | DF11: 0 | DG11: 0 | DH11: 0 | DI11: 0 | DJ11: 0 | DK11: 0 | DL11: 0 | DM11: 0 | DN11: 0 | DO11: 0 | DP11: 0 | DQ11: 0 | DR11: 0 | DS11: 0 | DT11: 0 | DU11: 0 | DV11: 0 | DW11: 0 | DX11: 0 | DY11: 0 | DZ11: 0 | EA11: 0 | EB11: 0 | EC11: 0 | ED11: 0 | EE11: 0 | EF11: 0 | EG11: 0 | EH11: 0 | EI11: 0 | EJ11: 0 | EK11: 0 | EL11: 0 | EM11: 0 | EN11: 0 | EO11: 0 | EP11: 0 | EQ11: 559983 | ER11: 910490 | ES11: 566572 | ET11: 489547 | EU11: 354215 | EV11: 385300 | EW11: 4164 | EX11: 716417 | EY11: 138192 | EZ11: 32617 | FA11: 91311 | FB11: 12096 | FC11: 7386 | FD11: 1357 | FE11: 166 | FF11: 7145 | FG11: 156308 | FH11: 202557 | FI11: 279414 | FJ11: 191701 | FK11: 0 | FL11: 1 | FM11: 6288 | FN11: 0 | FO11: 0 | FP11: 55447 | FQ11: 129965 | FR11: 0 | FS11: 50610454 | FT11: 2336326 | FU11: 0 | FV11: 0 | FW11: 0 | FX11: 0 | FY11: 0 | FZ11: 0 | GA11: 7708 | GB11: 1.7515201e+08
A12: fdip_pdede | C12: 1.03438 | D12: 50000003 | E12: 48338234 | F12: 130892 | G12: 253430 | H12: 100539 | I12: 40503 | J12: 16072 | K12: 138343 | L12: 29905 | M12: 98440 | N12: 1439710 | O12: 0 | P12: 932 | Q12: 617057 | R12: 986168 | S12: 947322 | T12: 1120852 | U12: 880375 | V12: 623804 | W12: 304971 | X12: 188595 | Y12: 56844 | Z12: 30297 | AA12: 38724 | AB12: 98325 | AC12: 38246 | AD12: 17284 | AE12: 51977 | AF12: 66683 | AG12: 225881 | AH12: 219617 | AI12: 298040 | AJ12: 305781 | AK12: 44847 | AL12: 0 | AM12: 0 | AN12: 0 | AO12: 9359 | AP12: 0 | AQ12: 0 | AR12: 0 | AS12: 0 | AT12: 0 | AU12: 0 | AV12: 0 | AW12: 0 | AX12: 0 | AY12: 0 | AZ12: 0 | BA12: 0 | BB12: 0 | BC12: 0 | BD12: 0 | BE12: 0 | BF12: 0 | BG12: 0 | BH12: 0 | BI12: 0 | BJ12: 0 | BK12: 0 | BL12: 0 | BM12: 0 | BN12: 0 | BO12: 0 | BP12: 0 | BQ12: 0 | BR12: 0 | BS12: 0 | BT12: 0 | BU12: 0 | BV12: 0 | BW12: 0 | BX12: 0 | BY12: 0 | BZ12: 0 | CA12: 0 | CB12: 630865 | CC12: 1439710 | CD12: 506 | CE12: 362293 | CF12: 350362 | CG12: 724575 | CH12: 1041876 | CI12: 1132643 | CJ12: 509269 | CK12: 383316 | CL12: 387504 | CM12: 487589 | CN12: 241393 | CO12: 96023 | CP12: 23123 | CQ12: 42129 | CR12: 68812 | CS12: 84677 | CT12: 68050 | CU12: 118834 | CV12: 68240 | CW12: 255228 | CX12: 203619 | CY12: 505808 | CZ12: 6753 | DA12: 0 | DB12: 0 | DC12: 0 | DD12: 9359 | DE12: 0 | DF12: 0 | DG12: 0 | DH12: 0 | DI12: 0 | DJ12: 0 | DK12: 0 | DL12: 0 | DM12: 0 | DN12: 0 | DO12: 0 | DP12: 0 | DQ12: 0 | DR12: 0 | DS12: 0 | DT12: 0 | DU12: 0 | DV12: 0 | DW12: 0 | DX12: 0 | DY12: 0 | DZ12: 0 | EA12: 0 | EB12: 0 | EC12: 0 | ED12: 0 | EE12: 0 | EF12: 0 | EG12: 0 | EH12: 0 | EI12: 0 | EJ12: 0 | EK12: 0 | EL12: 0 | EM12: 0 | EN12: 0 | EO12: 0 | EP12: 0 | EQ12: 561311 | ER12: 913382 | ES12: 566883 | ET12: 491141 | EU12: 354197 | EV12: 385293 | EW12: 4164 | EX12: 718900 | EY12: 136864 | EZ12: 31093 | FA12: 89655 | FB12: 12073 | FC12: 6961 | FD12: 210 | FE12: 169 | FF12: 4662 | FG12: 158193 | FH12: 199383 | FI12: 273289 | FJ12: 190985 | FK12: 0 | FL12: 0 | FM12: 6288 | FN12: 0 | FO12: 0 | FP12: 55447 | FQ12: 129250 | FR12: 0 | FS12: 46855349 | FT12: 1255 | FU12: 2298450 | FV12: 23 | FW12: 471 | FX12: 2298450 | FY12: 0 | FZ12: 471 | GA12: 7708 | GB12: 1.7375258e+08
A13: no_convBTB | C13: 0.998769 | D13: 50000003 | E13: 50061640 | F13: 134869 | G13: 253540 | H13: 0 | I13: 0 | J13: 14191 | K13: 127242 | L13: 31487 | M13: 90035 | CB13: 421521 | EQ13: 597855 | ER13: 977950 | ES13: 590736 | ET13: 494765 | EU13: 354214 | EV13: 385296 | EW13: 4164 | EX13: 720710 | EY13: 100322 | EZ13: 3677 | FA13: 40372 | FB13: 352 | FC13: 3308 | FD13: 216 | FE13: 166 | FF13: 2850 | FG13: 162899 | FH13: 110693 | FI13: 147929 | FJ13: 107359 | FK13: 0 | FL13: 1 | FM13: 6288 | FN13: 0 | FO13: 0 | FP13: 55447 | FQ13: 45623 | FR13: 0 | FS13: 5187792 | FT13: 2336309 | FU13: 0 | FV13: 0 | FW13: 0 | FX13: 0 | FY13: 0 | FZ13: 0 | GA13: 7708 | GB13: 1.1357953e+08
A14: no_pdede | C14: 0.996724 | D14: 50000003 | E14: 50164331 | F14: 135055 | G14: 253537 | H14: 0 | I14: 0 | J14: 14275 | K14: 127293 | L14: 31620 | M14: 89988 | CB14: 426578 | EQ14: 597892 | ER14: 974517 | ES14: 590747 | ET14: 494793 | EU14: 354197 | EV14: 385289 | EW14: 4164 | EX14: 718900 | EY14: 100285 | EZ14: 3594 | FA14: 43874 | FB14: 355 | FC14: 3308 | FD14: 209 | FE14: 169 | FF14: 4660 | FG14: 162784 | FH14: 112507 | FI14: 151287 | FJ14: 107340 | FK14: 0 | FL14: 0 | FM14: 6288 | FN14: 0 | FO14: 0 | FP14: 55447 | FQ14: 45605 | FR14: 0 | FS14: 5249400 | FT14: 1253 | FU14: 1151486 | FV14: 23 | FW14: 468 | FX14: 1151486 | FY14: 0 | FZ14: 468 | GA14: 7708 | GB14: 1.1372318e+08
A15: client_001 Total | C15: 6.102535 | D15: 300000018 | E15: 295061761 | F15: 797183 | G15: 1520836 | H15: 306468 | I15: 123900 | J15: 91003 | K15: 797342 | L15: 184287 | M15: 563294 | N15: 4319130 | O15: 0 | P15: 2796 | Q15: 1851171 | R15: 2958504 | S15: 2841966 | T15: 3362556 | U15: 2641125 | V15: 1871412 | W15: 914913 | X15: 565785 | Y15: 170532 | Z15: 90891 | AA15: 116172 | AB15: 294975 | AC15: 114738 | AD15: 51852 | AE15: 155931 | AF15: 200049 | AG15: 677643 | AH15: 658851 | AI15: 894120 | AJ15: 917343 | AK15: 134541 | AL15: 0 | AM15: 0 | AN15: 0 | AO15: 28077 | AP15: 0 | AQ15: 0 | AR15: 0 | AS15: 0 | AT15: 0 | AU15: 0 | AV15: 0 | AW15: 0 | AX15: 0 | AY15: 0 | AZ15: 0 | BA15: 0 | BB15: 0 | BC15: 0 | BD15: 0 | BE15: 0 | BF15: 0 | BG15: 0 | BH15: 0 | BI15: 0 | BJ15: 0 | BK15: 0 | BL15: 0 | BM15: 0 | BN15: 0 | BO15: 0 | BP15: 0 | BQ15: 0 | BR15: 0 | BS15: 0 | BT15: 0 | BU15: 0 | BV15: 0 | BW15: 0 | BX15: 0 | BY15: 0 | BZ15: 0 | CA15: 0 | CB15: 3173255 | CC15: 4319130 | CD15: 1518 | CE15: 1086879 | CF15: 1051086 | CG15: 2173725 | CH15: 3125628 | CI15: 3397929 | CJ15: 1527807 | CK15: 1149948 | CL15: 1162512 | CM15: 1462767 | CN15: 724179 | CO15: 288069 | CP15: 69369 | CQ15: 126387 | CR15: 206436 | CS15: 254031 | CT15: 204150 | CU15: 356502 | CV15: 204720 | CW15: 765684 | CX15: 610857 | CY15: 1517424 | CZ15: 20259 | DA15: 0 | DB15: 0 | DC15: 0 | DD15: 28077 | DE15: 0 | DF15: 0 | DG15: 0 | DH15: 0 | DI15: 0 | DJ15: 0 | DK15: 0 | DL15: 0 | DM15: 0 | DN15: 0 | DO15: 0 | DP15: 0 | DQ15: 0 | DR15: 0 | DS15: 0 | DT15: 0 | DU15: 0 | DV15: 0 | DW15: 0 | DX15: 0 | DY15: 0 | DZ15: 0 | EA15: 0 | EB15: 0 | EC15: 0 | ED15: 0 | EE15: 0 | EF15: 0 | EG15: 0 | EH15: 0 | EI15: 0 | EJ15: 0 | EK15: 0 | EL15: 0 | EM15: 0 | EN15: 0 | EO15: 0 | EP15: 0 | EQ15: 3476271 | ER15: 5668180 | ES15: 3472619 | ET15: 2955016 | EU15: 2125202 | EV15: 2311732 | EW15: 24982 | EX15: 4312150 | EY15: 712785 | EZ15: 105649 | FA15: 394805 | FB15: 37266 | FC15: 31195 | FD15: 3607 | FE15: 1058 | FF15: 29216 | FG15: 961416 | FH15: 938181 | FI15: 1273658 | FJ15: 896258 | FK15: 0 | FL15: 2 | FM15: 37728 | FN15: 0 | FO15: 0 | FP15: 332676 | FQ15: 525852 | FR15: 0 | FS15: 163431893 | FT15: 4677589 | FU15: 3449936 | FV15: 46 | FW15: 939 | FX15: 3449936 | FY15: 0 | FZ15: 939 | GA15: 46248 | GB15: 8.5997453e+08
A16: client_002
A17: no_BTBX | C17: 1.09062 | D17: 50000001 | E17: 45845366 | F17: 57344 | G17: 77916 | H17: 0 | I17: 0 | J17: 5286 | K17: 44126 | L17: 6343 | M17: 17040 | CB17: 399867 | EQ17: 650095 | ER17: 711853 | ES17: 1514313 | ET17: 620861 | EU17: 844560 | EV17: 3517 | EW17: 20381 | EX17: 1084033 | EY17: 61989 | EZ17: 2837 | FA17: 3427 | FB17: 1853 | FC17: 937 | FD17: 7573 | FE17: 7452 | FF17: 896 | FG17: 60956 | FH17: 269377 | FI17: 69534 | FJ17: 251947 | FK17: 0 | FL17: 0 | FM17: 53828 | FN17: 0 | FO17: 0 | FP17: 18261 | FQ17: 179858 | FR17: 0 | FS17: 4878624 | FT17: 18435 | FU17: 0 | FV17: 0 | FW17: 0 | FX17: 0 | FY17: 0 | FZ17: 0 | GA17: 16301 | GB17: 1.0780699e+08
A18: fdip_BTBX | C18: 1.17455 | D18: 50000001 | E18: 42569327 | F18: 55997 | G18: 77841 | H18: 242553 | I18: 165945 | J18: 23963 | K18: 117324 | L18: 5035 | M18: 22224 | N18: 2175330 | O18: 0 | P18: 23503 | Q18: 442197 | R18: 1236364 | S18: 640839 | T18: 1358948 | U18: 950109 | V18: 1063251 | W18: 586666 | X18: 333840 | Y18: 220335 | Z18: 190281 | AA18: 160408 | AB18: 149956 | AC18: 84757 | AD18: 58585 | AE18: 61388 | AF18: 355892 | AG18: 398065 | AH18: 337599 | AI18: 201544 | AJ18: 7066 | AK18: 0 | AL18: 0 | AM18: 0 | AN18: 0 | AO18: 0 | AP18: 0 | AQ18: 7683 | AR18: 0 | AS18: 0 | AT18: 0 | AU18: 0 | AV18: 0 | AW18: 0 | AX18: 0 | AY18: 0 | AZ18: 33301 | BA18: 0 | BB18: 0 | BC18: 0 | BD18: 0 | BE18: 0 | BF18: 0 | BG18: 0 | BH18: 0 | BI18: 0 | BJ18: 0 | BK18: 0 | BL18: 0 | BM18: 0 | BN18: 0 | BO18: 0 | BP18: 0 | BQ18: 0 | BR18: 0 | BS18: 0 | BT18: 0 | BU18: 0 | BV18: 0 | BW18: 0 | BX18: 0 | BY18: 0 | BZ18: 0 | CA18: 0 | CB18: 640415 | CC18: 2175330 | CD18: 23286 | CE18: 218024 | CF18: 406398 | CG18: 779867 | CH18: 693746 | CI18: 744149 | CJ18: 1629952 | CK18: 847196 | CL18: 548878 | CM18: 451140 | CN18: 443072 | CO18: 193491 | CP18: 157057 | CQ18: 62320 | CR18: 98281 | CS18: 204485 | CT18: 97711 | CU18: 282214 | CV18: 560954 | CW18: 405618 | CX18: 6160 | CY18: 0 | CZ18: 0 | DA18: 0 | DB18: 7594 | DC18: 0 | DD18: 0 | DE18: 7683 | DF18: 0 | DG18: 0 | DH18: 0 | DI18: 0 | DJ18: 0 | DK18: 0 | DL18: 0 | DM18: 0 | DN18: 33301 | DO18: 0 | DP18: 0 | DQ18: 0 | DR18: 0 | DS18: 0 | DT18: 0 | DU18: 0 | DV18: 0 | DW18: 0 | DX18: 0 | DY18: 0 | DZ18: 0 | EA18: 0 | EB18: 0 | EC18: 0 | ED18: 0 | EE18: 0 | EF18: 0 | EG18: 0 | EH18: 0 | EI18: 0 | EJ18: 0 | EK18: 0 | EL18: 0 | EM18: 0 | EN18: 0 | EO18: 0 | EP18: 0 | EQ18: 601863 | ER18: 700776 | ES18: 1426129 | ET18: 620804 | EU18: 844558 | EV18: 3517 | EW18: 20381 | EX18: 1078401 | EY18: 110221 | EZ18: 8181 | FA18: 94386 | FB18: 4807 | FC18: 993 | FD18: 7573 | FE18: 7452 | FF18: 6526 | FG18: 59242 | FH18: 364427 | FI18: 216746 | FJ18: 341034 | FK18: 0 | FL18: 0 | FM18: 53828 | FN18: 0 | FO18: 0 | FP18: 18261 | FQ18: 268945 | FR18: 0 | FS18: 49939146 | FT18: 18435 | FU18: 0 | FV18: 0 | FW18: 0 | FX18: 0 | FY18: 0 | FZ18: 0 | GA18: 16301 | GB18: 1.7290937e+08
A19: fdip_convBTB | C19: 1.16225 | D19: 50000001 | E19: 43020172 | F19: 56199 | G19: 77838 | H19: 256809 | I19: 192162 | J19: 30735 | K19: 148566 | L19: 5086 | M19: 25291 | N19: 2175330 | O19: 0 | P19: 23503 | Q19: 442197 | R19: 1236364 | S19: 640839 | T19: 1358948 | U19: 950109 | V19: 1063251 | W19: 586666 | X19: 333840 | Y19: 220335 | Z19: 190281 | AA19: 160408 | AB19: 149956 | AC19: 84757 | AD19: 58585 | AE19: 61388 | AF19: 355892 | AG19: 398065 | AH19: 337599 | AI19: 201544 | AJ19: 7066 | AK19: 0 | AL19: 0 | AM19: 0 | AN19: 0 | AO19: 0 | AP19: 0 | AQ19: 7683 | AR19: 0 | AS19: 0 | AT19: 0 | AU19: 0 | AV19: 0 | AW19: 0 | AX19: 0 | AY19: 0 | AZ19: 33301 | BA19: 0 | BB19: 0 | BC19: 0 | BD19: 0 | BE19: 0 | BF19: 0 | BG19: 0 | BH19: 0 | BI19: 0 | BJ19: 0 | BK19: 0 | BL19: 0 | BM19: 0 | BN19: 0 | BO19: 0 | BP19: 0 | BQ19: 0 | BR19: 0 | BS19: 0 | BT19: 0 | BU19: 0 | BV19: 0 | BW19: 0 | BX19: 0 | BY19: 0 | BZ19: 0 | CA19: 0 | CB19: 692079 | CC19: 2175330 | CD19: 23286 | CE19: 218024 | CF19: 406398 | CG19: 779867 | CH19: 693746 | CI19: 744149 | CJ19: 1629952 | CK19: 847196 | CL19: 548878 | CM19: 451140 | CN19: 443072 | CO19: 193491 | CP19: 157057 | CQ19: 62320 | CR19: 98281 | CS19: 204485 | CT19: 97711 | CU19: 282214 | CV19: 560954 | CW19: 405618 | CX19: 6160 | CY19: 0 | CZ19: 0 | DA19: 0 | DB19: 7594 | DC19: 0 | DD19: 0 | DE19: 7683 | DF19: 0 | DG19: 0 | DH19: 0 | DI19: 0 | DJ19: 0 | DK19: 0 | DL19: 0 | DM19: 0 | DN19: 33301 | DO19: 0 | DP19: 0 | DQ19: 0 | DR19: 0 | DS19: 0 | DT19: 0 | DU19: 0 | DV19: 0 | DW19: 0 | DX19: 0 | DY19: 0 | DZ19: 0 | EA19: 0 | EB19: 0 | EC19: 0 | ED19: 0 | EE19: 0 | EF19: 0 | EG19: 0 | EH19: 0 | EI19: 0 | EJ19: 0 | EK19: 0 | EL19: 0 | EM19: 0 | EN19: 0 | EO19: 0 | EP19: 0 | EQ19: 589441 | ER19: 693823 | ES19: 1413200 | ET19: 616341 | EU19: 838592 | EV19: 3473 | EW19: 20552 | EX19: 1070663 | EY19: 122643 | EZ19: 11284 | FA19: 104390 | FB19: 11582 | FC19: 4254 | FD19: 13803 | FE19: 8263 | FF19: 14264 | FG19: 57301 | FH19: 390243 | FI19: 244535 | FJ19: 344295 | FK19: 0 | FL19: 0 | FM19: 53736 | FN19: 0 | FO19: 0 | FP19: 18172 | FQ19: 272387 | FR19: 0 | FS19: 54925547 | FT19: 2498619 | FU19: 0 | FV19: 0 | FW19: 0 | FX19: 0 | FY19: 0 | FZ19: 0 | GA19: 16301 | GB19: 1.8101846e+08
A20: fdip_pdede | C20: 1.17289 | D20: 50000001 | E20: 42629795 | F20: 55925 | G20: 77831 | H20: 226801 | I20: 160569 | J20: 22820 | K20: 117014 | L20: 5197 | M20: 22834 | N20: 2175330 | O20: 0 | P20: 23503 | Q20: 442197 | R20: 1236364 | S20: 640839 | T20: 1358948 | U20: 950109 | V20: 1063251 | W20: 586666 | X20: 333840 | Y20: 220335 | Z20: 190281 | AA20: 160408 | AB20: 149956 | AC20: 84757 | AD20: 58585 | AE20: 61388 | AF20: 355892 | AG20: 398065 | AH20: 337599 | AI20: 201544 | AJ20: 7066 | AK20: 0 | AL20: 0 | AM20: 0 | AN20: 0 | AO20: 0 | AP20: 0 | AQ20: 7683 | AR20: 0 | AS20: 0 | AT20: 0 | AU20: 0 | AV20: 0 | AW20: 0 | AX20: 0 | AY20: 0 | AZ20: 33301 | BA20: 0 | BB20: 0 | BC20: 0 | BD20: 0 | BE20: 0 | BF20: 0 | BG20: 0 | BH20: 0 | BI20: 0 | BJ20: 0 | BK20: 0 | BL20: 0 | BM20: 0 | BN20: 0 | BO20: 0 | BP20: 0 | BQ20: 0 | BR20: 0 | BS20: 0 | BT20: 0 | BU20: 0 | BV20: 0 | BW20: 0 | BX20: 0 | BY20: 0 | BZ20: 0 | CA20: 0 | CB20: 631081 | CC20: 2175330 | CD20: 23286 | CE20: 218024 | CF20: 406398 | CG20: 779867 | CH20: 693746 | CI20: 744149 | CJ20: 1629952 | CK20: 847196 | CL20: 548878 | CM20: 451140 | CN20: 443072 | CO20: 193491 | CP20: 157057 | CQ20: 62320 | CR20: 98281 | CS20: 204485 | CT20: 97711 | CU20: 282214 | CV20: 560954 | CW20: 405618 | CX20: 6160 | CY20: 0 | CZ20: 0 | DA20: 0 | DB20: 7594 | DC20: 0 | DD20: 0 | DE20: 7683 | DF20: 0 | DG20: 0 | DH20: 0 | DI20: 0 | DJ20: 0 | DK20: 0 | DL20: 0 | DM20: 0 | DN20: 33301 | DO20: 0 | DP20: 0 | DQ20: 0 | DR20: 0 | DS20: 0 | DT20: 0 | DU20: 0 | DV20: 0 | DW20: 0 | DX20: 0 | DY20: 0 | DZ20: 0 | EA20: 0 | EB20: 0 | EC20: 0 | ED20: 0 | EE20: 0 | EF20: 0 | EG20: 0 | EH20: 0 | EI20: 0 | EJ20: 0 | EK20: 0 | EL20: 0 | EM20: 0 | EN20: 0 | EO20: 0 | EP20: 0 | EQ20: 602262 | ER20: 700469 | ES20: 1425454 | ET20: 621070 | EU20: 848715 | EV20: 3611 | EW20: 20633 | EX20: 1082636 | EY20: 109822 | EZ20: 8274 | FA20: 94912 | FB20: 5170 | FC20: 1230 | FD20: 4945 | FE20: 5074 | FF20: 2291 | FG20: 59224 | FH20: 354431 | FI20: 217426 | FJ20: 340139 | FK20: 0 | FL20: 0 | FM20: 53831 | FN20: 0 | FO20: 0 | FP20: 18392 | FQ20: 267916 | FR20: 0 | FS20: 45947456 | FT20: 16589 | FU20: 2370521 | FV20: 91 | FW20: 10631 | FX20: 2370521 | FY20: 0 | FZ20: 10631 | GA20: 16301 | GB20: 1.7369635e+08
A21: no_convBTB | C21: 1.07453 | D21: 50000001 | E21: 46531898 | F21: 57475 | G21: 77921 | H21: 0 | I21: 0 | J21: 5327 | K21: 44151 | L21: 6403 | M21: 17039 | CB21: 444176 | EQ21: 638784 | ER21: 706146 | ES21: 1504138 | ET21: 616335 | EU21: 838594 | EV21: 3473 | EW21: 20552 | EX21: 1076204 | EY21: 73300 | EZ21: 5731 | FA21: 10442 | FB21: 7826 | FC21: 4261 | FD21: 13803 | FE21: 8263 | FF21: 8725 | FG21: 59642 | FH21: 292226 | FI21: 92308 | FJ21: 252183 | FK21: 0 | FL21: 0 | FM21: 53736 | FN21: 0 | FO21: 0 | FP21: 18172 | FQ21: 180275 | FR21: 0 | FS21: 5416272 | FT21: 2498621 | FU21: 0 | FV21: 0 | FW21: 0 | FX21: 0 | FY21: 0 | FZ21: 0 | GA21: 16301 | GB21: 1.1160071e+08
A22: no_pdede | C22: 1.08781 | D22: 50000001 | E22: 45963782 | F22: 57312 | G22: 77899 | H22: 0 | I22: 0 | J22: 5292 | K22: 44135 | L22: 6350 | M22: 17017 | CB22: 395286 | EQ22: 650473 | ER22: 711231 | ES22: 1513558 | ET22: 621095 | EU22: 848552 | EV22: 3607 | EW22: 20633 | EX22: 1083360 | EY22: 61611 | EZ22: 3208 | FA22: 4020 | FB22: 2265 | FC22: 1188 | FD22: 5063 | FE22: 5143 | FF22: 1569 | FG22: 60936 | FH22: 263940 | FI22: 70410 | FJ22: 250283 | FK22: 0 | FL22: 0 | FM22: 53831 | FN22: 0 | FO22: 0 | FP22: 18371 | FQ22: 178081 | FR22: 0 | FS22: 4823673 | FT22: 16931 | FU22: 1439135 | FV22: 91 | FW22: 10816 | FX22: 1439135 | FY22: 0 | FZ22: 10816 | GA22: 16301 | GB22: 1.107564e+08
A23: client_002 Total | C23: 6.76265 | D23: 300000006 | E23: 266560340 | F23: 340252 | G23: 467246 | H23: 726163 | I23: 518676 | J23: 93423 | K23: 515316 | L23: 34414 | M23: 121445 | N23: 6525990 | O23: 0 | P23: 70509 | Q23: 1326591 | R23: 3709092 | S23: 1922517 | T23: 4076844 | U23: 2850327 | V23: 3189753 | W23: 1759998 | X23: 1001520 | Y23: 661005 | Z23: 570843 | AA23: 481224 | AB23: 449868 | AC23: 254271 | AD23: 175755 | AE23: 184164 | AF23: 1067676 | AG23: 1194195 | AH23: 1012797 | AI23: 604632 | AJ23: 21198 | AK23: 0 | AL23: 0 | AM23: 0 | AN23: 0 | AO23: 0 | AP23: 0 | AQ23: 23049 | AR23: 0 | AS23: 0 | AT23: 0 | AU23: 0 | AV23: 0 | AW23: 0 | AX23: 0 | AY23: 0 | AZ23: 99903 | BA23: 0 | BB23: 0 | BC23: 0 | BD23: 0 | BE23: 0 | BF23: 0 | BG23: 0 | BH23: 0 | BI23: 0 | BJ23: 0 | BK23: 0 | BL23: 0 | BM23: 0 | BN23: 0 | BO23: 0 | BP23: 0 | BQ23: 0 | BR23: 0 | BS23: 0 | BT23: 0 | BU23: 0 | BV23: 0 | BW23: 0 | BX23: 0 | BY23: 0 | BZ23: 0 | CA23: 0 | CB23: 3202904 | CC23: 6525990 | CD23: 69858 | CE23: 654072 | CF23: 1219194 | CG23: 2339601 | CH23: 2081238 | CI23: 2232447 | CJ23: 4889856 | CK23: 2541588 | CL23: 1646634 | CM23: 1353420 | CN23: 1329216 | CO23: 580473 | CP23: 471171 | CQ23: 186960 | CR23: 294843 | CS23: 613455 | CT23: 293133 | CU23: 846642 | CV23: 1682862 | CW23: 1216854 | CX23: 18480 | CY23: 0 | CZ23: 0 | DA23: 0 | DB23: 22782 | DC23: 0 | DD23: 0 | DE23: 23049 | DF23: 0 | DG23: 0 | DH23: 0 | DI23: 0 | DJ23: 0 | DK23: 0 | DL23: 0 | DM23: 0 | DN23: 99903 | DO23: 0 | DP23: 0 | DQ23: 0 | DR23: 0 | DS23: 0 | DT23: 0 | DU23: 0 | DV23: 0 | DW23: 0 | DX23: 0 | DY23: 0 | DZ23: 0 | EA23: 0 | EB23: 0 | EC23: 0 | ED23: 0 | EE23: 0 | EF23: 0 | EG23: 0 | EH23: 0 | EI23: 0 | EJ23: 0 | EK23: 0 | EL23: 0 | EM23: 0 | EN23: 0 | EO23: 0 | EP23: 0 | EQ23: 3732918 | ER23: 4224298 | ES23: 8796792 | ET23: 3716506 | EU23: 5063571 | EV23: 21198 | EW23: 123132 | EX23: 6475297 | EY23: 539586 | EZ23: 39515 | FA23: 311577 | FB23: 33503 | FC23: 12863 | FD23: 52760 | FE23: 41647 | FF23: 34271 | FG23: 357301 | FH23: 1934644 | FI23: 910959 | FJ23: 1779881 | FK23: 0 | FL23: 0 | FM23: 322790 | FN23: 0 | FO23: 0 | FP23: 109629 | FQ23: 1347462 | FR23: 0 | FS23: 165930718 | FT23: 5067630 | FU23: 3809656 | FV23: 182 | FW23: 21447 | FX23: 3809656 | FY23: 0 | FZ23: 21447 | GA23: 97806 | GB23: 8.5778828e+08
A24: client_003
A25: no_BTBX | C25: 0.89626 | D25: 50000001 | E25: 55787366 | F25: 79604 | G25: 68166 | H25: 0 | I25: 0 | J25: 5794 | K25: 93958 | L25: 13238 | M25: 77714 | CB25: 527645 | EQ25: 1358076 | ER25: 484310 | ES25: 2020141 | ET25: 554292 | EU25: 644425 | EV25: 19681 | EW25: 11489 | EX25: 824154 | EY25: 175334 | EZ25: 3011 | FA25: 3361 | FB25: 1591 | FC25: 1110 | FD25: 7531 | FE25: 2451 | FF25: 1198 | FG25: 91563 | FH25: 253185 | FI25: 182897 | FJ25: 240493 | FK25: 0 | FL25: 0 | FM25: 43167 | FN25: 0 | FO25: 0 | FP25: 15329 | FQ25: 181997 | FR25: 0 | FS25: 6614268 | FT25: 15893 | FU25: 0 | FV25: 0 | FW25: 0 | FX25: 0 | FY25: 0 | FZ25: 0 | GA25: 25840 | GB25: 1.2043027e+08
A26: fdip_BTBX | C26: 0.911608 | D26: 50000001 | E26: 54848157 | F26: 78623 | G26: 67880 | H26: 232519 | I26: 172034 | J26: 17491 | K26: 147238 | L26: 9199 | M26: 98041 | N26: 1983451 | O26: 0 | P26: 16224 | Q26: 691304 | R26: 1635363 | S26: 771098 | T26: 2103487 | U26: 735227 | V26: 748884 | W26: 545310 | X26: 519294 | Y26: 222512 | Z26: 130884 | AA26: 175720 | AB26: 159194 | AC26: 127277 | AD26: 78864 | AE26: 69170 | AF26: 255696 | AG26: 219760 | AH26: 409829 | AI26: 140098 | AJ26: 8 | AK26: 0 | AL26: 0 | AM26: 0 | AN26: 0 | AO26: 0 | AP26: 0 | AQ26: 0 | AR26: 7797 | AS26: 0 | AT26: 0 | AU26: 0 | AV26: 0 | AW26: 0 | AX26: 0 | AY26: 0 | AZ26: 18615 | BA26: 0 | BB26: 0 | BC26: 0 | BD26: 0 | BE26: 0 | BF26: 0 | BG26: 0 | BH26: 0 | BI26: 0 | BJ26: 0 | BK26: 0 | BL26: 0 | BM26: 0 | BN26: 0 | BO26: 0 | BP26: 0 | BQ26: 0 | BR26: 0 | BS26: 0 | BT26: 0 | BU26: 0 | BV26: 0 | BW26: 0 | BX26: 0 | BY26: 0 | BZ26: 0 | CA26: 0 | CB26: 1380760 | CC26: 1983451 | CD26: 15376 | CE26: 290330 | CF26: 440239 | CG26: 1671126 | CH26: 523206 | CI26: 615310 | CJ26: 1079048 | CK26: 1708111 | CL26: 513556 | CM26: 590378 | CN26: 384404 | CO26: 144235 | CP26: 162616 | CQ26: 100562 | CR26: 67262 | CS26: 341296 | CT26: 103028 | CU26: 186774 | CV26: 505277 | CW26: 283199 | CX26: 29870 | CY26: 0 | CZ26: 0 | DA26: 0 | DB26: 0 | DC26: 0 | DD26: 0 | DE26: 0 | DF26: 7797 | DG26: 0 | DH26: 0 | DI26: 0 | DJ26: 0 | DK26: 0 | DL26: 0 | DM26: 0 | DN26: 18615 | DO26: 0 | DP26: 0 | DQ26: 0 | DR26: 0 | DS26: 0 | DT26: 0 | DU26: 0 | DV26: 0 | DW26: 0 | DX26: 0 | DY26: 0 | DZ26: 0 | EA26: 0 | EB26: 0 | EC26: 0 | ED26: 0 | EE26: 0 | EF26: 0 | EG26: 0 | EH26: 0 | EI26: 0 | EJ26: 0 | EK26: 0 | EL26: 0 | EM26: 0 | EN26: 0 | EO26: 0 | EP26: 0 | EQ26: 981829 | ER26: 477134 | ES26: 1642797 | ET26: 525505 | EU26: 644150 | EV26: 19681 | EW26: 11489 | EX26: 822069 | EY26: 551580 | EZ26: 5182 | FA26: 17168 | FB26: 370139 | FC26: 29896 | FD26: 7755 | FE26: 2500 | FF26: 3282 | FG26: 88872 | FH26: 319934 | FI26: 971954 | FJ26: 304384 | FK26: 0 | FL26: 0 | FM26: 43167 | FN26: 0 | FO26: 0 | FP26: 15328 | FQ26: 245889 | FR26: 0 | FS26: 110215766 | FT26: 15893 | FU26: 0 | FV26: 0 | FW26: 0 | FX26: 0 | FY26: 0 | FZ26: 0 | GA26: 25840 | GB26: 2.4894126e+08
A27: fdip_convBTB | C27: 0.907306 | D27: 50000001 | E27: 55108194 | F27: 78801 | G27: 67868 | H27: 235964 | I27: 186808 | J27: 19259 | K27: 159362 | L27: 9393 | M27: 105729 | N27: 1983451 | O27: 0 | P27: 16224 | Q27: 691304 | R27: 1635363 | S27: 771098 | T27: 2103487 | U27: 735227 | V27: 748884 | W27: 545310 | X27: 519294 | Y27: 222512 | Z27: 130884 | AA27: 175720 | AB27: 159194 | AC27: 127277 | AD27: 78864 | AE27: 69170 | AF27: 255696 | AG27: 219760 | AH27: 409829 | AI27: 140098 | AJ27: 8 | AK27: 0 | AL27: 0 | AM27: 0 | AN27: 0 | AO27: 0 | AP27: 0 | AQ27: 0 | AR27: 7797 | AS27: 0 | AT27: 0 | AU27: 0 | AV27: 0 | AW27: 0 | AX27: 0 | AY27: 0 | AZ27: 18615 | BA27: 0 | BB27: 0 | BC27: 0 | BD27: 0 | BE27: 0 | BF27: 0 | BG27: 0 | BH27: 0 | BI27: 0 | BJ27: 0 | BK27: 0 | BL27: 0 | BM27: 0 | BN27: 0 | BO27: 0 | BP27: 0 | BQ27: 0 | BR27: 0 | BS27: 0 | BT27: 0 | BU27: 0 | BV27: 0 | BW27: 0 | BX27: 0 | BY27: 0 | BZ27: 0 | CA27: 0 | CB27: 1395465 | CC27: 1983451 | CD27: 15376 | CE27: 290330 | CF27: 440239 | CG27: 1671126 | CH27: 523206 | CI27: 615310 | CJ27: 1079048 | CK27: 1708111 | CL27: 513556 | CM27: 590378 | CN27: 384404 | CO27: 144235 | CP27: 162616 | CQ27: 100562 | CR27: 67262 | CS27: 341296 | CT27: 103028 | CU27: 186774 | CV27: 505277 | CW27: 283199 | CX27: 29870 | CY27: 0 | CZ27: 0 | DA27: 0 | DB27: 0 | DC27: 0 | DD27: 0 | DE27: 0 | DF27: 7797 | DG27: 0 | DH27: 0 | DI27: 0 | DJ27: 0 | DK27: 0 | DL27: 0 | DM27: 0 | DN27: 18615 | DO27: 0 | DP27: 0 | DQ27: 0 | DR27: 0 | DS27: 0 | DT27: 0 | DU27: 0 | DV27: 0 | DW27: 0 | DX27: 0 | DY27: 0 | DZ27: 0 | EA27: 0 | EB27: 0 | EC27: 0 | ED27: 0 | EE27: 0 | EF27: 0 | EG27: 0 | EH27: 0 | EI27: 0 | EJ27: 0 | EK27: 0 | EL27: 0 | EM27: 0 | EN27: 0 | EO27: 0 | EP27: 0 | EQ27: 978500 | ER27: 472618 | ES27: 1638342 | ET27: 523970 | EU27: 642436 | EV27: 19680 | EW27: 11551 | EX27: 818086 | EY27: 554909 | EZ27: 7282 | FA27: 21302 | FB27: 372876 | FC27: 31092 | FD27: 9510 | FE27: 2737 | FF27: 7265 | FG27: 84283 | FH27: 328622 | FI27: 982560 | FJ27: 304207 | FK27: 0 | FL27: 0 | FM27: 43155 | FN27: 0 | FO27: 0 | FP27: 15257 | FQ27: 245795 | FR27: 0 | FS27: 112273360 | FT27: 2307546 | FU27: 0 | FV27: 0 | FW27: 0 | FX27: 0 | FY27: 0 | FZ27: 0 | GA27: 25840 | GB27: 2.5361976e+08
A28: fdip_pdede | C28: 0.909694 | D28: 50000001 | E28: 54963539 | F28: 78718 | G28: 67889 | H28: 224190 | I28: 169994 | J28: 17616 | K28: 148485 | L28: 9429 | M28: 99360 | N28: 1983451 | O28: 0 | P28: 16224 | Q28: 691304 | R28: 1635363 | S28: 771097 | T28: 2103487 | U28: 735227 | V28: 748882 | W28: 545307 | X28: 519294 | Y28: 222512 | Z28: 130884 | AA28: 175720 | AB28: 159194 | AC28: 127277 | AD28: 78864 | AE28: 69170 | AF28: 255696 | AG28: 219760 | AH28: 409829 | AI28: 140098 | AJ28: 8 | AK28: 0 | AL28: 0 | AM28: 0 | AN28: 0 | AO28: 0 | AP28: 0 | AQ28: 0 | AR28: 7797 | AS28: 0 | AT28: 0 | AU28: 0 | AV28: 0 | AW28: 0 | AX28: 0 | AY28: 0 | AZ28: 18615 | BA28: 0 | BB28: 0 | BC28: 0 | BD28: 0 | BE28: 0 | BF28: 0 | BG28: 0 | BH28: 0 | BI28: 0 | BJ28: 0 | BK28: 0 | BL28: 0 | BM28: 0 | BN28: 0 | BO28: 0 | BP28: 0 | BQ28: 0 | BR28: 0 | BS28: 0 | BT28: 0 | BU28: 0 | BV28: 0 | BW28: 0 | BX28: 0 | BY28: 0 | BZ28: 0 | CA28: 0 | CB28: 1376418 | CC28: 1983451 | CD28: 15376 | CE28: 290330 | CF28: 440239 | CG28: 1671125 | CH28: 523206 | CI28: 615310 | CJ28: 1079047 | CK28: 1708110 | CL28: 513553 | CM28: 590378 | CN28: 384404 | CO28: 144235 | CP28: 162616 | CQ28: 100562 | CR28: 67262 | CS28: 341296 | CT28: 103028 | CU28: 186774 | CV28: 505277 | CW28: 283199 | CX28: 29870 | CY28: 0 | CZ28: 0 | DA28: 0 | DB28: 0 | DC28: 0 | DD28: 0 | DE28: 0 | DF28: 7797 | DG28: 0 | DH28: 0 | DI28: 0 | DJ28: 0 | DK28: 0 | DL28: 0 | DM28: 0 | DN28: 18615 | DO28: 0 | DP28: 0 | DQ28: 0 | DR28: 0 | DS28: 0 | DT28: 0 | DU28: 0 | DV28: 0 | DW28: 0 | DX28: 0 | DY28: 0 | DZ28: 0 | EA28: 0 | EB28: 0 | EC28: 0 | ED28: 0 | EE28: 0 | EF28: 0 | EG28: 0 | EH28: 0 | EI28: 0 | EJ28: 0 | EK28: 0 | EL28: 0 | EM28: 0 | EN28: 0 | EO28: 0 | EP28: 0 | EQ28: 981718 | ER28: 476657 | ES28: 1642374 | ET28: 525793 | EU28: 646477 | EV28: 19724 | EW28: 11567 | EX28: 822794 | EY28: 551690 | EZ28: 5474 | FA28: 17572 | FB28: 370338 | FC28: 29918 | FD28: 5936 | FE28: 1561 | FF28: 2557 | FG28: 88630 | FH28: 315047 | FI28: 972741 | FJ28: 302740 | FK28: 0 | FL28: 0 | FM28: 43176 | FN28: 0 | FO28: 0 | FP28: 15404 | FQ28: 244160 | FR28: 0 | FS28: 106604173 | FT28: 16374 | FU28: 2098323 | FV28: 130 | FW28: 8023 | FX28: 2098323 | FY28: 0 | FZ28: 8023 | GA28: 25840 | GB28: 2.4963902e+08
A29: no_convBTB | C29: 0.89244 | D29: 50000001 | E29: 56026197 | F29: 79628 | G29: 68175 | H29: 0 | I29: 0 | J29: 5794 | K29: 93920 | L29: 13366 | M29: 77644 | CB29: 539354 | EQ29: 1354996 | ER29: 481267 | ES29: 2016025 | ET29: 552767 | EU29: 642715 | EV29: 19680 | EW29: 11551 | EX29: 820158 | EY29: 178414 | EZ29: 4673 | FA29: 6442 | FB29: 4007 | FC29: 2296 | FD29: 9282 | FE29: 2688 | FF29: 5194 | FG29: 87943 | FH29: 259983 | FI29: 191428 | FJ29: 238413 | FK29: 0 | FL29: 0 | FM29: 43155 | FN29: 0 | FO29: 0 | FP29: 15258 | FQ29: 180000 | FR29: 0 | FS29: 6778644 | FT29: 2307549 | FU29: 0 | FV29: 0 | FW29: 0 | FX29: 0 | FY29: 0 | FZ29: 0 | GA29: 25840 | GB29: 1.2314445e+08
A30: no_pdede | C30: 0.894132 | D30: 50000001 | E30: 55920171 | F30: 79641 | G30: 68173 | H30: 0 | I30: 0 | J30: 5763 | K30: 94015 | L30: 13289 | M30: 77671 | CB30: 525802 | EQ30: 1358753 | ER30: 483719 | ES30: 2019718 | ET30: 554579 | EU30: 646542 | EV30: 19722 | EW30: 11567 | EX30: 823063 | EY30: 174657 | EZ30: 3395 | FA30: 3802 | FB30: 1780 | FC30: 1144 | FD30: 5878 | FE30: 1547 | FF30: 2289 | FG30: 91298 | FH30: 251732 | FI30: 182772 | FJ30: 240010 | FK30: 0 | FL30: 0 | FM30: 43175 | FN30: 0 | FO30: 0 | FP30: 15410 | FQ30: 181425 | FR30: 0 | FS30: 6593229 | FT30: 16273 | FU30: 1169211 | FV30: 130 | FW30: 7954 | FX30: 1169211 | FY30: 0 | FZ30: 7954 | GA30: 25840 | GB30: 1.2289231e+08
A31: client_003 Total | C31: 5.41144 | D31: 300000006 | E31: 332653624 | F31: 475015 | G31: 408151 | H31: 692673 | I31: 528836 | J31: 71717 | K31: 736978 | L31: 67914 | M31: 536159 | N31: 5950353 | O31: 0 | P31: 48672 | Q31: 2073912 | R31: 4906089 | S31: 2313293 | T31: 6310461 | U31: 2205681 | V31: 2246650 | W31: 1635927 | X31: 1557882 | Y31: 667536 | Z31: 392652 | AA31: 527160 | AB31: 477582 | AC31: 381831 | AD31: 236592 | AE31: 207510 | AF31: 767088 | AG31: 659280 | AH31: 1229487 | AI31: 420294 | AJ31: 24 | AK31: 0 | AL31: 0 | AM31: 0 | AN31: 0 | AO31: 0 | AP31: 0 | AQ31: 0 | AR31: 23391 | AS31: 0 | AT31: 0 | AU31: 0 | AV31: 0 | AW31: 0 | AX31: 0 | AY31: 0 | AZ31: 55845 | BA31: 0 | BB31: 0 | BC31: 0 | BD31: 0 | BE31: 0 | BF31: 0 | BG31: 0 | BH31: 0 | BI31: 0 | BJ31: 0 | BK31: 0 | BL31: 0 | BM31: 0 | BN31: 0 | BO31: 0 | BP31: 0 | BQ31: 0 | BR31: 0 | BS31: 0 | BT31: 0 | BU31: 0 | BV31: 0 | BW31: 0 | BX31: 0 | BY31: 0 | BZ31: 0 | CA31: 0 | CB31: 5745444 | CC31: 5950353 | CD31: 46128 | CE31: 870990 | CF31: 1320717 | CG31: 5013377 | CH31: 1569618 | CI31: 1845930 | CJ31: 3237143 | CK31: 5124332 | CL31: 1540665 | CM31: 1771134 | CN31: 1153212 | CO31: 432705 | CP31: 487848 | CQ31: 301686 | CR31: 201786 | CS31: 1023888 | CT31: 309084 | CU31: 560322 | CV31: 1515831 | CW31: 849597 | CX31: 89610 | CY31: 0 | CZ31: 0 | DA31: 0 | DB31: 0 | DC31: 0 | DD31: 0 | DE31: 0 | DF31: 23391 | DG31: 0 | DH31: 0 | DI31: 0 | DJ31: 0 | DK31: 0 | DL31: 0 | DM31: 0 | DN31: 55845 | DO31: 0 | DP31: 0 | DQ31: 0 | DR31: 0 | DS31: 0 | DT31: 0 | DU31: 0 | DV31: 0 | DW31: 0 | DX31: 0 | DY31: 0 | DZ31: 0 | EA31: 0 | EB31: 0 | EC31: 0 | ED31: 0 | EE31: 0 | EF31: 0 | EG31: 0 | EH31: 0 | EI31: 0 | EJ31: 0 | EK31: 0 | EL31: 0 | EM31: 0 | EN31: 0 | EO31: 0 | EP31: 0 | EQ31: 7013872 | ER31: 2875705 | ES31: 10979397 | ET31: 3236906 | EU31: 3866745 | EV31: 118168 | EW31: 69214 | EX31: 4930324 | EY31: 2186584 | EZ31: 29017 | FA31: 69647 | FB31: 1120731 | FC31: 95456 | FD31: 45892 | FE31: 13484 | FF31: 21785 | FG31: 532589 | FH31: 1728503 | FI31: 3484352 | FJ31: 1630247 | FK31: 0 | FL31: 0 | FM31: 258995 | FN31: 0 | FO31: 0 | FP31: 91986 | FQ31: 1279266 | FR31: 0 | FS31: 349079440 | FT31: 4679528 | FU31: 3267534 | FV31: 260 | FW31: 15977 | FX31: 3267534 | FY31: 0 | FZ31: 15977 | GA31: 155040 | GB31: 1.1186671e+09
A32: client_004
A33: no_BTBX | C33: 0.847683 | D33: 50000001 | E33: 58984307 | F33: 141348 | G33: 238860 | H33: 0 | I33: 0 | J33: 15773 | K33: 38081 | L33: 28666 | M33: 36822 | CB33: 973129 | EQ33: 789748 | ER33: 1101438 | ES33: 1297711 | ET33: 443203 | EU33: 542789 | EV33: 443407 | EW33: 3952 | EX33: 1011915 | EY33: 107672 | EZ33: 25841 | FA33: 25958 | FB33: 16411 | FC33: 6543 | FD33: 19542 | FE33: 17474 | FF33: 6801 | FG33: 362971 | FH33: 436195 | FI33: 173963 | FJ33: 383916 | FK33: 0 | FL33: 2 | FM33: 88694 | FN33: 0 | FO33: 17 | FP33: 146175 | FQ33: 149028 | FR33: 0 | FS33: 13169087 | FT33: 71179 | FU33: 0 | FV33: 0 | FW33: 0 | FX33: 0 | FY33: 0 | FZ33: 0 | GA33: 47673 | GB33: 1.3134629e+08
A34: fdip_BTBX | C34: 0.953559 | D34: 50000001 | E34: 52435168 | F34: 137597 | G34: 238591 | H34: 334158 | I34: 169895 | J34: 35516 | K34: 173438 | L34: 16659 | M34: 83605 | N34: 1782349 | O34: 0 | P34: 23795 | Q34: 465039 | R34: 1286683 | S34: 1474449 | T34: 1354971 | U34: 930720 | V34: 776738 | W34: 437224 | X34: 246056 | Y34: 166029 | Z34: 154169 | AA34: 192703 | AB34: 218280 | AC34: 364242 | AD34: 142151 | AE34: 77842 | AF34: 109825 | AG34: 131823 | AH34: 189269 | AI34: 243916 | AJ34: 444015 | AK34: 90615 | AL34: 16 | AM34: 0 | AN34: 0 | AO34: 11685 | AP34: 0 | AQ34: 0 | AR34: 0 | AS34: 0 | AT34: 0 | AU34: 0 | AV34: 0 | AW34: 0 | AX34: 0 | AY34: 0 | AZ34: 0 | BA34: 0 | BB34: 0 | BC34: 0 | BD34: 0 | BE34: 0 | BF34: 0 | BG34: 0 | BH34: 0 | BI34: 0 | BJ34: 0 | BK34: 0 | BL34: 0 | BM34: 0 | BN34: 0 | BO34: 0 | BP34: 0 | BQ34: 0 | BR34: 0 | BS34: 0 | BT34: 0 | BU34: 0 | BV34: 0 | BW34: 0 | BX34: 0 | BY34: 2 | BZ34: 0 | CA34: 0 | CB34: 1263226 | CC34: 1782349 | CD34: 14934 | CE34: 246842 | CF34: 495000 | CG34: 1073619 | CH34: 1018796 | CI34: 1065116 | CJ34: 1009883 | CK34: 754101 | CL34: 732197 | CM34: 352846 | CN34: 297061 | CO34: 200537 | CP34: 204780 | CQ34: 382148 | CR34: 232313 | CS34: 102729 | CT34: 108513 | CU34: 81831 | CV34: 174167 | CW34: 220162 | CX34: 71829 | CY34: 674821 | CZ34: 6345 | DA34: 0 | DB34: 0 | DC34: 0 | DD34: 11685 | DE34: 0 | DF34: 0 | DG34: 0 | DH34: 0 | DI34: 0 | DJ34: 0 | DK34: 0 | DL34: 0 | DM34: 0 | DN34: 0 | DO34: 0 | DP34: 0 | DQ34: 0 | DR34: 0 | DS34: 0 | DT34: 0 | DU34: 0 | DV34: 0 | DW34: 0 | DX34: 0 | DY34: 0 | DZ34: 0 | EA34: 0 | EB34: 0 | EC34: 0 | ED34: 0 | EE34: 0 | EF34: 0 | EG34: 0 | EH34: 0 | EI34: 0 | EJ34: 0 | EK34: 0 | EL34: 0 | EM34: 2 | EN34: 0 | EO34: 0 | EP34: 0 | EQ34: 733707 | ER34: 1019302 | ES34: 1263049 | ET34: 441023 | EU34: 542359 | EV34: 443409 | EW34: 3953 | EX34: 1007255 | EY34: 163719 | EZ34: 82842 | FA34: 78431 | FB34: 23743 | FC34: 7697 | FD34: 21005 | FE34: 17474 | FF34: 11469 | FG34: 354604 | FH34: 562610 | FI34: 346012 | FJ34: 502242 | FK34: 0 | FL34: 2 | FM34: 88694 | FN34: 0 | FO34: 17 | FP34: 146175 | FQ34: 267354 | FR34: 0 | FS34: 106376724 | FT34: 71179 | FU34: 0 | FV34: 0 | FW34: 0 | FX34: 0 | FY34: 0 | FZ34: 0 | GA34: 47673 | GB34: 2.4214079e+08
A35: fdip_convBTB | C35: 0.944769 | D35: 50000001 | E35: 52922970 | F35: 137600 | G35: 238606 | H35: 335938 | I35: 206721 | J35: 36718 | K35: 203013 | L35: 16423 | M35: 94252 | N35: 1782349 | O35: 0 | P35: 23795 | Q35: 465039 | R35: 1286683 | S35: 1474449 | T35: 1354971 | U35: 930720 | V35: 776738 | W35: 437224 | X35: 246056 | Y35: 166029 | Z35: 154169 | AA35: 192703 | AB35: 218280 | AC35: 364242 | AD35: 142151 | AE35: 77842 | AF35: 109825 | AG35: 131823 | AH35: 189269 | AI35: 243916 | AJ35: 444015 | AK35: 90615 | AL35: 16 | AM35: 0 | AN35: 0 | AO35: 11685 | AP35: 0 | AQ35: 0 | AR35: 0 | AS35: 0 | AT35: 0 | AU35: 0 | AV35: 0 | AW35: 0 | AX35: 0 | AY35: 0 | AZ35: 0 | BA35: 0 | BB35: 0 | BC35: 0 | BD35: 0 | BE35: 0 | BF35: 0 | BG35: 0 | BH35: 0 | BI35: 0 | BJ35: 0 | BK35: 0 | BL35: 0 | BM35: 0 | BN35: 0 | BO35: 0 | BP35: 0 | BQ35: 0 | BR35: 0 | BS35: 0 | BT35: 0 | BU35: 0 | BV35: 0 | BW35: 0 | BX35: 0 | BY35: 2 | BZ35: 0 | CA35: 0 | CB35: 1293305 | CC35: 1782349 | CD35: 14934 | CE35: 246842 | CF35: 495000 | CG35: 1073619 | CH35: 1018796 | CI35: 1065116 | CJ35: 1009883 | CK35: 754101 | CL35: 732197 | CM35: 352846 | CN35: 297061 | CO35: 200537 | CP35: 204780 | CQ35: 382148 | CR35: 232313 | CS35: 102729 | CT35: 108513 | CU35: 81831 | CV35: 174167 | CW35: 220162 | CX35: 71829 | CY35: 674821 | CZ35: 6345 | DA35: 0 | DB35: 0 | DC35: 0 | DD35: 11685 | DE35: 0 | DF35: 0 | DG35: 0 | DH35: 0 | DI35: 0 | DJ35: 0 | DK35: 0 | DL35: 0 | DM35: 0 | DN35: 0 | DO35: 0 | DP35: 0 | DQ35: 0 | DR35: 0 | DS35: 0 | DT35: 0 | DU35: 0 | DV35: 0 | DW35: 0 | DX35: 0 | DY35: 0 | DZ35: 0 | EA35: 0 | EB35: 0 | EC35: 0 | ED35: 0 | EE35: 0 | EF35: 0 | EG35: 0 | EH35: 0 | EI35: 0 | EJ35: 0 | EK35: 0 | EL35: 0 | EM35: 2 | EN35: 0 | EO35: 0 | EP35: 0 | EQ35: 724529 | ER35: 1005342 | ES35: 1249731 | ET35: 435925 | EU35: 538982 | EV35: 443689 | EW35: 3969 | EX35: 995501 | EY35: 172897 | EZ35: 90957 | FA35: 89702 | FB35: 31635 | FC35: 11962 | FD35: 25379 | FE35: 17014 | FF35: 23223 | FG35: 335229 | FH35: 579371 | FI35: 378705 | FJ35: 495307 | FK35: 0 | FL35: 2 | FM35: 88294 | FN35: 0 | FO35: 16 | FP35: 146151 | FQ35: 260844 | FR35: 0 | FS35: 109586374 | FT35: 2165606 | FU35: 0 | FV35: 0 | FW35: 0 | FX35: 0 | FY35: 0 | FZ35: 0 | GA35: 47673 | GB35: 2.4805877e+08
A36: fdip_pdede | C36: 0.950103 | D36: 50000001 | E36: 52625876 | F36: 137621 | G36: 238591 | H36: 322896 | I36: 177978 | J36: 35818 | K36: 177899 | L36: 17582 | M36: 86878 | N36: 1782349 | O36: 0 | P36: 23795 | Q36: 465039 | R36: 1286683 | S36: 1474449 | T36: 1354971 | U36: 930720 | V36: 776738 | W36: 437224 | X36: 246056 | Y36: 166029 | Z36: 154169 | AA36: 192703 | AB36: 218280 | AC36: 364242 | AD36: 142151 | AE36: 77842 | AF36: 109825 | AG36: 131823 | AH36: 189269 | AI36: 243916 | AJ36: 444015 | AK36: 90615 | AL36: 16 | AM36: 0 | AN36: 0 | AO36: 11685 | AP36: 0 | AQ36: 0 | AR36: 0 | AS36: 0 | AT36: 0 | AU36: 0 | AV36: 0 | AW36: 0 | AX36: 0 | AY36: 0 | AZ36: 0 | BA36: 0 | BB36: 0 | BC36: 0 | BD36: 0 | BE36: 0 | BF36: 0 | BG36: 0 | BH36: 0 | BI36: 0 | BJ36: 0 | BK36: 0 | BL36: 0 | BM36: 0 | BN36: 0 | BO36: 0 | BP36: 0 | BQ36: 0 | BR36: 0 | BS36: 0 | BT36: 0 | BU36: 0 | BV36: 0 | BW36: 0 | BX36: 0 | BY36: 2 | BZ36: 0 | CA36: 0 | CB36: 1252322 | CC36: 1782349 | CD36: 14934 | CE36: 246842 | CF36: 495000 | CG36: 1073619 | CH36: 1018796 | CI36: 1065116 | CJ36: 1009883 | CK36: 754101 | CL36: 732197 | CM36: 352846 | CN36: 297061 | CO36: 200537 | CP36: 204780 | CQ36: 382148 | CR36: 232313 | CS36: 102729 | CT36: 108513 | CU36: 81831 | CV36: 174167 | CW36: 220162 | CX36: 71829 | CY36: 674821 | CZ36: 6345 | DA36: 0 | DB36: 0 | DC36: 0 | DD36: 11685 | DE36: 0 | DF36: 0 | DG36: 0 | DH36: 0 | DI36: 0 | DJ36: 0 | DK36: 0 | DL36: 0 | DM36: 0 | DN36: 0 | DO36: 0 | DP36: 0 | DQ36: 0 | DR36: 0 | DS36: 0 | DT36: 0 | DU36: 0 | DV36: 0 | DW36: 0 | DX36: 0 | DY36: 0 | DZ36: 0 | EA36: 0 | EB36: 0 | EC36: 0 | ED36: 0 | EE36: 0 | EF36: 0 | EG36: 0 | EH36: 0 | EI36: 0 | EJ36: 0 | EK36: 0 | EL36: 0 | EM36: 2 | EN36: 0 | EO36: 0 | EP36: 0 | EQ36: 730971 | ER36: 1017448 | ES36: 1261700 | ET36: 443294 | EU36: 545810 | EV36: 447444 | EW36: 3983 | EX36: 1005387 | EY36: 166455 | EZ36: 83806 | FA36: 80113 | FB36: 24300 | FC36: 7639 | FD36: 16568 | FE36: 12182 | FF36: 13337 | FG36: 351430 | FH36: 552298 | FI36: 348594 | FJ36: 496492 | FK36: 0 | FL36: 2 | FM36: 88644 | FN36: 0 | FO36: 18 | FP36: 146395 | FQ36: 261433 | FR36: 0 | FS36: 97293884 | FT36: 75756 | FU36: 3650436 | FV36: 59 | FW36: 31503 | FX36: 3650436 | FY36: 0 | FZ36: 31503 | GA36: 47673 | GB36: 2.4058967e+08
A37: no_convBTB | C37: 0.838897 | D37: 50000001 | E37: 59602043 | F37: 141391 | G37: 238871 | H37: 0 | I37: 0 | J37: 15779 | K37: 38073 | L37: 28759 | M37: 36794 | CB37: 1002713 | EQ37: 779791 | ER37: 1091631 | ES37: 1286650 | ET37: 438997 | EU37: 539423 | EV37: 443687 | EW37: 3968 | EX37: 1000129 | EY37: 117629 | EZ37: 31221 | FA37: 34617 | FB37: 23240 | FC37: 10058 | FD37: 23763 | FE37: 17014 | FF37: 18587 | FG37: 348421 | FH37: 454169 | FI37: 200123 | FJ37: 378163 | FK37: 0 | FL37: 2 | FM37: 88294 | FN37: 0 | FO37: 16 | FP37: 146151 | FQ37: 143700 | FR37: 0 | FS37: 13625507 | FT37: 2165586 | FU37: 0 | FV37: 0 | FW37: 0 | FX37: 0 | FY37: 0 | FZ37: 0 | GA37: 47673 | GB37: 1.3456263e+08
A38: no_pdede | C38: 0.843375 | D38: 50000001 | E38: 59285594 | F38: 141439 | G38: 238857 | H38: 0 | I38: 0 | J38: 15783 | K38: 38368 | L38: 28836 | M38: 37416 | CB38: 970523 | EQ38: 786329 | ER38: 1099060 | ES38: 1296642 | ET38: 444318 | EU38: 545854 | EV38: 447431 | EW38: 3980 | EX38: 1006469 | EY38: 111091 | EZ38: 27155 | FA38: 27848 | FB38: 16654 | FC38: 6597 | FD38: 16551 | FE38: 12179 | FF38: 12247 | FG38: 359396 | FH38: 432447 | FI38: 178680 | FJ38: 380805 | FK38: 0 | FL38: 2 | FM38: 88648 | FN38: 0 | FO38: 18 | FP38: 146402 | FQ38: 145735 | FR38: 0 | FS38: 13161833 | FT38: 75701 | FU38: 1744839 | FV38: 59 | FW38: 31473 | FX38: 1744839 | FY38: 0 | FZ38: 31473 | GA38: 47673 | GB38: 1.3518725e+08
A39: client_004 Total | C39: 5.378386 | D39: 300000006 | E39: 335855958 | F39: 836996 | G39: 1432376 | H39: 992992 | I39: 554594 | J39: 155387 | K39: 668872 | L39: 136925 | M39: 375767 | N39: 5347047 | O39: 0 | P39: 71385 | Q39: 1395117 | R39: 3860049 | S39: 4423347 | T39: 4064913 | U39: 2792160 | V39: 2330214 | W39: 1311672 | X39: 738168 | Y39: 498087 | Z39: 462507 | AA39: 578109 | AB39: 654840 | AC39: 1092726 | AD39: 426453 | AE39: 233526 | AF39: 329475 | AG39: 395469 | AH39: 567807 | AI39: 731748 | AJ39: 1332045 | AK39: 271845 | AL39: 48 | AM39: 0 | AN39: 0 | AO39: 35055 | AP39: 0 | AQ39: 0 | AR39: 0 | AS39: 0 | AT39: 0 | AU39: 0 | AV39: 0 | AW39: 0 | AX39: 0 | AY39: 0 | AZ39: 0 | BA39: 0 | BB39: 0 | BC39: 0 | BD39: 0 | BE39: 0 | BF39: 0 | BG39: 0 | BH39: 0 | BI39: 0 | BJ39: 0 | BK39: 0 | BL39: 0 | BM39: 0 | BN39: 0 | BO39: 0 | BP39: 0 | BQ39: 0 | BR39: 0 | BS39: 0 | BT39: 0 | BU39: 0 | BV39: 0 | BW39: 0 | BX39: 0 | BY39: 6 | BZ39: 0 | CA39: 0 | CB39: 6755218 | CC39: 5347047 | CD39: 44802 | CE39: 740526 | CF39: 1485000 | CG39: 3220857 | CH39: 3056388 | CI39: 3195348 | CJ39: 3029649 | CK39: 2262303 | CL39: 2196591 | CM39: 1058538 | CN39: 891183 | CO39: 601611 | CP39: 614340 | CQ39: 1146444 | CR39: 696939 | CS39: 308187 | CT39: 325539 | CU39: 245493 | CV39: 522501 | CW39: 660486 | CX39: 215487 | CY39: 2024463 | CZ39: 19035 | DA39: 0 | DB39: 0 | DC39: 0 | DD39: 35055 | DE39: 0 | DF39: 0 | DG39: 0 | DH39: 0 | DI39: 0 | DJ39: 0 | DK39: 0 | DL39: 0 | DM39: 0 | DN39: 0 | DO39: 0 | DP39: 0 | DQ39: 0 | DR39: 0 | DS39: 0 | DT39: 0 | DU39: 0 | DV39: 0 | DW39: 0 | DX39: 0 | DY39: 0 | DZ39: 0 | EA39: 0 | EB39: 0 | EC39: 0 | ED39: 0 | EE39: 0 | EF39: 0 | EG39: 0 | EH39: 0 | EI39: 0 | EJ39: 0 | EK39: 0 | EL39: 0 | EM39: 6 | EN39: 0 | EO39: 0 | EP39: 0 | EQ39: 4545075 | ER39: 6334221 | ES39: 7655483 | ET39: 2646760 | EU39: 3255217 | EV39: 2669067 | EW39: 23805 | EX39: 6026656 | EY39: 839463 | EZ39: 341822 | FA39: 336669 | FB39: 135983 | FC39: 50496 | FD39: 122808 | FE39: 93337 | FF39: 85664 | FG39: 2112051 | FH39: 3017090 | FI39: 1626077 | FJ39: 2636925 | FK39: 0 | FL39: 12 | FM39: 531268 | FN39: 0 | FO39: 102 | FP39: 877449 | FQ39: 1228094 | FR39: 0 | FS39: 353213409 | FT39: 4625007 | FU39: 5395275 | FV39: 118 | FW39: 62976 | FX39: 5395275 | FY39: 0 | FZ39: 62976 | GA39: 286038 | GB39: 1.1318854e+09
A40: client_005
A41: no_BTBX | C41: 0.893434 | D41: 50000001 | E41: 55963827 | F41: 63422 | G41: 120310 | H41: 0 | I41: 0 | J41: 7110 | K41: 81612 | L41: 31979 | M41: 83743 | CB41: 548014 | EQ41: 747319 | ER41: 662653 | ES41: 1187616 | ET41: 678966 | EU41: 928539 | EV41: 20476 | EW41: 12755 | EX41: 1170337 | EY41: 98278 | EZ41: 3693 | FA41: 3970 | FB41: 2213 | FC41: 1473 | FD41: 8108 | FE41: 7595 | FF41: 1649 | FG41: 141831 | FH41: 298672 | FI41: 107511 | FJ41: 279204 | FK41: 0 | FL41: 0 | FM41: 39476 | FN41: 0 | FO41: 0 | FP41: 27993 | FQ41: 211735 | FR41: 0 | FS41: 6925524 | FT41: 22552 | FU41: 0 | FV41: 0 | FW41: 0 | FX41: 0 | FY41: 0 | FZ41: 0 | GA41: 26436 | GB41: 1.2051659e+08
A42: fdip_BTBX | C42: 0.959082 | D42: 50000001 | E42: 52133161 | F42: 62042 | G42: 119854 | H42: 344660 | I42: 256143 | J42: 23688 | K42: 154305 | L42: 27340 | M42: 101649 | N42: 2346228 | O42: 0 | P42: 19760 | Q42: 533789 | R42: 1078083 | S42: 824035 | T42: 1124560 | U42: 849630 | V42: 798971 | W42: 617603 | X42: 529337 | Y42: 230985 | Z42: 151422 | AA42: 195815 | AB42: 205096 | AC42: 140893 | AD42: 79231 | AE42: 77085 | AF42: 278708 | AG42: 301343 | AH42: 542063 | AI42: 145473 | AJ42: 23 | AK42: 6001 | AL42: 10512 | AM42: 0 | AN42: 0 | AO42: 0 | AP42: 0 | AQ42: 7628 | AR42: 0 | AS42: 0 | AT42: 0 | AU42: 0 | AV42: 0 | AW42: 0 | AX42: 0 | AY42: 0 | AZ42: 17213 | BA42: 0 | BB42: 0 | BC42: 0 | BD42: 0 | BE42: 0 | BF42: 0 | BG42: 0 | BH42: 0 | BI42: 0 | BJ42: 0 | BK42: 0 | BL42: 0 | BM42: 0 | BN42: 0 | BO42: 0 | BP42: 0 | BQ42: 0 | BR42: 0 | BS42: 0 | BT42: 0 | BU42: 0 | BV42: 0 | BW42: 0 | BX42: 0 | BY42: 0 | BZ42: 0 | CA42: 0 | CB42: 710015 | CC42: 2346228 | CD42: 17936 | CE42: 321853 | CF42: 415022 | CG42: 984967 | CH42: 618881 | CI42: 733370 | CJ42: 1120592 | CK42: 748513 | CL42: 498083 | CM42: 585137 | CN42: 412864 | CO42: 164059 | CP42: 189717 | CQ42: 115969 | CR42: 74863 | CS42: 370972 | CT42: 108772 | CU42: 214170 | CV42: 659767 | CW42: 337087 | CX42: 30778 | CY42: 5 | CZ42: 0 | DA42: 0 | DB42: 17041 | DC42: 0 | DD42: 0 | DE42: 7628 | DF42: 0 | DG42: 0 | DH42: 0 | DI42: 0 | DJ42: 0 | DK42: 0 | DL42: 0 | DM42: 0 | DN42: 17213 | DO42: 0 | DP42: 0 | DQ42: 0 | DR42: 0 | DS42: 0 | DT42: 0 | DU42: 0 | DV42: 0 | DW42: 0 | DX42: 0 | DY42: 0 | DZ42: 0 | EA42: 0 | EB42: 0 | EC42: 0 | ED42: 0 | EE42: 0 | EF42: 0 | EG42: 0 | EH42: 0 | EI42: 0 | EJ42: 0 | EK42: 0 | EL42: 0 | EM42: 0 | EN42: 0 | EO42: 0 | EP42: 0 | EQ42: 699845 | ER42: 655221 | ES42: 1184176 | ET42: 677734 | EU42: 928189 | EV42: 20476 | EW42: 12755 | EX42: 1164836 | EY42: 145750 | EZ42: 5930 | FA42: 11118 | FB42: 3698 | FC42: 2705 | FD42: 8314 | FE42: 7737 | FF42: 7148 | FG42: 138978 | FH42: 404398 | FI42: 166639 | FJ42: 378637 | FK42: 0 | FL42: 0 | FM42: 39476 | FN42: 0 | FO42: 0 | FP42: 27993 | FQ42: 311168 | FR42: 0 | FS42: 61291232 | FT42: 22552 | FU42: 0 | FV42: 0 | FW42: 0 | FX42: 0 | FY42: 0 | FZ42: 0 | GA42: 26436 | GB42: 1.9449897e+08
A43: fdip_convBTB | C43: 0.9521 | D43: 50000001 | E43: 52515475 | F43: 61940 | G43: 119861 | H43: 352318 | I43: 287591 | J43: 25818 | K43: 175436 | L43: 27057 | M43: 109209 | N43: 2346228 | O43: 0 | P43: 19760 | Q43: 533789 | R43: 1078083 | S43: 824035 | T43: 1124560 | U43: 849630 | V43: 798971 | W43: 617603 | X43: 529337 | Y43: 230985 | Z43: 151422 | AA43: 195815 | AB43: 205096 | AC43: 140893 | AD43: 79231 | AE43: 77085 | AF43: 278708 | AG43: 301343 | AH43: 542063 | AI43: 145473 | AJ43: 23 | AK43: 6001 | AL43: 10512 | AM43: 0 | AN43: 0 | AO43: 0 | AP43: 0 | AQ43: 7628 | AR43: 0 | AS43: 0 | AT43: 0 | AU43: 0 | AV43: 0 | AW43: 0 | AX43: 0 | AY43: 0 | AZ43: 17213 | BA43: 0 | BB43: 0 | BC43: 0 | BD43: 0 | BE43: 0 | BF43: 0 | BG43: 0 | BH43: 0 | BI43: 0 | BJ43: 0 | BK43: 0 | BL43: 0 | BM43: 0 | BN43: 0 | BO43: 0 | BP43: 0 | BQ43: 0 | BR43: 0 | BS43: 0 | BT43: 0 | BU43: 0 | BV43: 0 | BW43: 0 | BX43: 0 | BY43: 0 | BZ43: 0 | CA43: 0 | CB43: 739522 | CC43: 2346228 | CD43: 17936 | CE43: 321853 | CF43: 415022 | CG43: 984967 | CH43: 618881 | CI43: 733370 | CJ43: 1120592 | CK43: 748513 | CL43: 498083 | CM43: 585137 | CN43: 412864 | CO43: 164059 | CP43: 189717 | CQ43: 115969 | CR43: 74863 | CS43: 370972 | CT43: 108772 | CU43: 214170 | CV43: 659767 | CW43: 337087 | CX43: 30778 | CY43: 5 | CZ43: 0 | DA43: 0 | DB43: 17041 | DC43: 0 | DD43: 0 | DE43: 7628 | DF43: 0 | DG43: 0 | DH43: 0 | DI43: 0 | DJ43: 0 | DK43: 0 | DL43: 0 | DM43: 0 | DN43: 17213 | DO43: 0 | DP43: 0 | DQ43: 0 | DR43: 0 | DS43: 0 | DT43: 0 | DU43: 0 | DV43: 0 | DW43: 0 | DX43: 0 | DY43: 0 | DZ43: 0 | EA43: 0 | EB43: 0 | EC43: 0 | ED43: 0 | EE43: 0 | EF43: 0 | EG43: 0 | EH43: 0 | EI43: 0 | EJ43: 0 | EK43: 0 | EL43: 0 | EM43: 0 | EN43: 0 | EO43: 0 | EP43: 0 | EQ43: 692256 | ER43: 648087 | ES43: 1174589 | ET43: 675112 | EU43: 925482 | EV43: 20474 | EW43: 12862 | EX43: 1158057 | EY43: 153339 | EZ43: 8969 | FA43: 19741 | FB43: 8757 | FC43: 4807 | FD43: 11595 | FE43: 7578 | FF43: 13927 | FG43: 131037 | FH43: 421021 | FI43: 187464 | FJ43: 379772 | FK43: 0 | FL43: 0 | FM43: 39432 | FN43: 0 | FO43: 0 | FP43: 27893 | FQ43: 312447 | FR43: 0 | FS43: 64086915 | FT43: 2130417 | FU43: 0 | FV43: 0 | FW43: 0 | FX43: 0 | FY43: 0 | FZ43: 0 | GA43: 26436 | GB43: 1.9991567e+08
A44: fdip_pdede | C44: 0.956835 | D44: 50000001 | E44: 52255613 | F44: 62038 | G44: 119885 | H44: 334589 | I44: 266037 | J44: 23594 | K44: 157291 | L44: 27512 | M44: 104225 | N44: 2346228 | O44: 0 | P44: 19760 | Q44: 533789 | R44: 1078083 | S44: 824035 | T44: 1124560 | U44: 849630 | V44: 798971 | W44: 617603 | X44: 529337 | Y44: 230985 | Z44: 151422 | AA44: 195815 | AB44: 205096 | AC44: 140893 | AD44: 79231 | AE44: 77085 | AF44: 278708 | AG44: 301343 | AH44: 542063 | AI44: 145473 | AJ44: 23 | AK44: 6001 | AL44: 10512 | AM44: 0 | AN44: 0 | AO44: 0 | AP44: 0 | AQ44: 7628 | AR44: 0 | AS44: 0 | AT44: 0 | AU44: 0 | AV44: 0 | AW44: 0 | AX44: 0 | AY44: 0 | AZ44: 17213 | BA44: 0 | BB44: 0 | BC44: 0 | BD44: 0 | BE44: 0 | BF44: 0 | BG44: 0 | BH44: 0 | BI44: 0 | BJ44: 0 | BK44: 0 | BL44: 0 | BM44: 0 | BN44: 0 | BO44: 0 | BP44: 0 | BQ44: 0 | BR44: 0 | BS44: 0 | BT44: 0 | BU44: 0 | BV44: 0 | BW44: 0 | BX44: 0 | BY44: 0 | BZ44: 0 | CA44: 0 | CB44: 699436 | CC44: 2346228 | CD44: 17936 | CE44: 321853 | CF44: 415022 | CG44: 984967 | CH44: 618881 | CI44: 733370 | CJ44: 1120592 | CK44: 748513 | CL44: 498083 | CM44: 585137 | CN44: 412864 | CO44: 164059 | CP44: 189717 | CQ44: 115969 | CR44: 74863 | CS44: 370972 | CT44: 108772 | CU44: 214170 | CV44: 659767 | CW44: 337087 | CX44: 30778 | CY44: 5 | CZ44: 0 | DA44: 0 | DB44: 17041 | DC44: 0 | DD44: 0 | DE44: 7628 | DF44: 0 | DG44: 0 | DH44: 0 | DI44: 0 | DJ44: 0 | DK44: 0 | DL44: 0 | DM44: 0 | DN44: 17213 | DO44: 0 | DP44: 0 | DQ44: 0 | DR44: 0 | DS44: 0 | DT44: 0 | DU44: 0 | DV44: 0 | DW44: 0 | DX44: 0 | DY44: 0 | DZ44: 0 | EA44: 0 | EB44: 0 | EC44: 0 | ED44: 0 | EE44: 0 | EF44: 0 | EG44: 0 | EH44: 0 | EI44: 0 | EJ44: 0 | EK44: 0 | EL44: 0 | EM44: 0 | EN44: 0 | EO44: 0 | EP44: 0 | EQ44: 699364 | ER44: 654329 | ES44: 1183233 | ET44: 678191 | EU44: 932051 | EV44: 20723 | EW44: 12904 | EX44: 1168733 | EY44: 146232 | EZ44: 6487 | FA44: 12026 | FB44: 4068 | FC44: 2748 | FD44: 5935 | FE44: 5358 | FF44: 3251 | FG44: 138524 | FH44: 392579 | FI44: 168333 | FJ44: 374807 | FK44: 0 | FL44: 0 | FM44: 39482 | FN44: 0 | FO44: 0 | FP44: 28118 | FQ44: 307207 | FR44: 0 | FS44: 56459764 | FT44: 23484 | FU44: 2765197 | FV44: 40 | FW44: 11957 | FX44: 2765197 | FY44: 0 | FZ44: 11957 | GA44: 26436 | GB44: 1.9532191e+08
A45: no_convBTB | C45: 0.886585 | D45: 50000001 | E45: 56396145 | F45: 63473 | G45: 120330 | H45: 0 | I45: 0 | J45: 7118 | K45: 81622 | L45: 32276 | M45: 83783 | CB45: 571755 | EQ45: 740052 | ER45: 657857 | ES45: 1179999 | ET45: 676348 | EU45: 925833 | EV45: 20474 | EW45: 12862 | EX45: 1163527 | EY45: 105545 | EZ45: 6054 | FA45: 9466 | FB45: 6769 | FC45: 3571 | FD45: 11389 | FE45: 7435 | FF45: 8459 | FG45: 135612 | FH45: 312449 | FI45: 123694 | FJ45: 277455 | FK45: 0 | FL45: 0 | FM45: 39432 | FN45: 0 | FO45: 0 | FP45: 27893 | FQ45: 210130 | FR45: 0 | FS45: 7249440 | FT45: 2130419 | FU45: 0 | FV45: 0 | FW45: 0 | FX45: 0 | FY45: 0 | FZ45: 0 | GA45: 26436 | GB45: 1.234251e+08
A46: no_pdede | C46: 0.890882 | D46: 50000001 | E46: 56124155 | F46: 63452 | G46: 120300 | H46: 0 | I46: 0 | J46: 7075 | K46: 81865 | L46: 32148 | M46: 83598 | CB46: 544986 | EQ46: 747582 | ER46: 661522 | ES46: 1186667 | ET46: 679438 | EU46: 932200 | EV46: 20744 | EW46: 12908 | EX46: 1169196 | EY46: 98015 | EZ46: 4350 | FA46: 5010 | FB46: 2596 | FC46: 1504 | FD46: 5816 | FE46: 5301 | FF46: 2790 | FG46: 141325 | FH46: 295300 | FI46: 108361 | FJ46: 278279 | FK46: 0 | FL46: 0 | FM46: 39484 | FN46: 0 | FO46: 0 | FP46: 28134 | FQ46: 210661 | FR46: 0 | FS46: 6890364 | FT46: 23324 | FU46: 1636838 | FV46: 40 | FW46: 11769 | FX46: 1636838 | FY46: 0 | FZ46: 11769 | GA46: 26436 | GB46: 1.2393214e+08
A47: client_005 Total | C47: 5.538918 | D47: 300000006 | E47: 325388376 | F47: 376367 | G47: 720540 | H47: 1031567 | I47: 809771 | J47: 94403 | K47: 732131 | L47: 178312 | M47: 566207 | N47: 7038684 | O47: 0 | P47: 59280 | Q47: 1601367 | R47: 3234249 | S47: 2472105 | T47: 3373680 | U47: 2548890 | V47: 2396913 | W47: 1852809 | X47: 1588011 | Y47: 692955 | Z47: 454266 | AA47: 587445 | AB47: 615288 | AC47: 422679 | AD47: 237693 | AE47: 231255 | AF47: 836124 | AG47: 904029 | AH47: 1626189 | AI47: 436419 | AJ47: 69 | AK47: 18003 | AL47: 31536 | AM47: 0 | AN47: 0 | AO47: 0 | AP47: 0 | AQ47: 22884 | AR47: 0 | AS47: 0 | AT47: 0 | AU47: 0 | AV47: 0 | AW47: 0 | AX47: 0 | AY47: 0 | AZ47: 51639 | BA47: 0 | BB47: 0 | BC47: 0 | BD47: 0 | BE47: 0 | BF47: 0 | BG47: 0 | BH47: 0 | BI47: 0 | BJ47: 0 | BK47: 0 | BL47: 0 | BM47: 0 | BN47: 0 | BO47: 0 | BP47: 0 | BQ47: 0 | BR47: 0 | BS47: 0 | BT47: 0 | BU47: 0 | BV47: 0 | BW47: 0 | BX47: 0 | BY47: 0 | BZ47: 0 | CA47: 0 | CB47: 3813728 | CC47: 7038684 | CD47: 53808 | CE47: 965559 | CF47: 1245066 | CG47: 2954901 | CH47: 1856643 | CI47: 2200110 | CJ47: 3361776 | CK47: 2245539 | CL47: 1494249 | CM47: 1755411 | CN47: 1238592 | CO47: 492177 | CP47: 569151 | CQ47: 347907 | CR47: 224589 | CS47: 1112916 | CT47: 326316 | CU47: 642510 | CV47: 1979301 | CW47: 1011261 | CX47: 92334 | CY47: 15 | CZ47: 0 | DA47: 0 | DB47: 51123 | DC47: 0 | DD47: 0 | DE47: 22884 | DF47: 0 | DG47: 0 | DH47: 0 | DI47: 0 | DJ47: 0 | DK47: 0 | DL47: 0 | DM47: 0 | DN47: 51639 | DO47: 0 | DP47: 0 | DQ47: 0 | DR47: 0 | DS47: 0 | DT47: 0 | DU47: 0 | DV47: 0 | DW47: 0 | DX47: 0 | DY47: 0 | DZ47: 0 | EA47: 0 | EB47: 0 | EC47: 0 | ED47: 0 | EE47: 0 | EF47: 0 | EG47: 0 | EH47: 0 | EI47: 0 | EJ47: 0 | EK47: 0 | EL47: 0 | EM47: 0 | EN47: 0 | EO47: 0 | EP47: 0 | EQ47: 4326418 | ER47: 3939669 | ES47: 7096280 | ET47: 4065789 | EU47: 5572294 | EV47: 123367 | EW47: 77046 | EX47: 6994686 | EY47: 747159 | EZ47: 35483 | FA47: 61331 | FB47: 28101 | FC47: 16808 | FD47: 51157 | FE47: 41004 | FF47: 37224 | FG47: 827307 | FH47: 2124419 | FI47: 862002 | FJ47: 1968154 | FK47: 0 | FL47: 0 | FM47: 236782 | FN47: 0 | FO47: 0 | FP47: 168024 | FQ47: 1563348 | FR47: 0 | FS47: 202903239 | FT47: 4352748 | FU47: 4402035 | FV47: 80 | FW47: 23726 | FX47: 4402035 | FY47: 0 | FZ47: 23726 | GA47: 158616 | GB47: 9.5761039e+08
A48: client_006
A49: no_BTBX | C49: 0.970353 | D49: 50000002 | E49: 51527650 | F49: 125113 | G49: 161222 | H49: 0 | I49: 0 | J49: 10238 | K49: 225500 | L49: 50624 | M49: 209692 | CB49: 336567 | EQ49: 840780 | ER49: 895611 | ES49: 555212 | ET49: 359803 | EU49: 188427 | EV49: 444305 | EW49: 3464 | EX49: 625592 | EY49: 72414 | EZ49: 5640 | FA49: 39663 | FB49: 455 | FC49: 5935 | FD49: 116 | FE49: 1888 | FF49: 3737 | FG49: 142401 | FH49: 74344 | FI49: 119822 | FJ49: 64318 | FK49: 0 | FL49: 0 | FM49: 17911 | FN49: 0 | FO49: 2 | FP49: 15625 | FQ49: 30780 | FR49: 0 | FS49: 4137984 | FT49: 2475 | FU49: 0 | FV49: 0 | FW49: 0 | FX49: 0 | FY49: 0 | FZ49: 0 | GA49: 10443 | GB49: 1.1130576e+08
A50: fdip_BTBX | C50: 1.07797 | D50: 50000003 | E50: 46383593 | F50: 121414 | G50: 161012 | H50: 243959 | I50: 103234 | J50: 15466 | K50: 257803 | L50: 46296 | M50: 239041 | N50: 1426488 | O50: 0 | P50: 36359 | Q50: 611316 | R50: 1341925 | S50: 461369 | T50: 899479 | U50: 903703 | V50: 465171 | W50: 216217 | X50: 300233 | Y50: 78453 | Z50: 46447 | AA50: 16103 | AB50: 74815 | AC50: 17129 | AD50: 22678 | AE50: 27356 | AF50: 90346 | AG50: 294840 | AH50: 133837 | AI50: 133692 | AJ50: 648618 | AK50: 37552 | AL50: 0 | AM50: 26 | AN50: 0 | AO50: 6340 | AP50: 0 | AQ50: 0 | AR50: 0 | AS50: 0 | AT50: 0 | AU50: 0 | AV50: 0 | AW50: 0 | AX50: 0 | AY50: 0 | AZ50: 0 | BA50: 0 | BB50: 0 | BC50: 0 | BD50: 0 | BE50: 0 | BF50: 0 | BG50: 0 | BH50: 0 | BI50: 0 | BJ50: 0 | BK50: 0 | BL50: 0 | BM50: 0 | BN50: 0 | BO50: 0 | BP50: 0 | BQ50: 0 | BR50: 0 | BS50: 0 | BT50: 0 | BU50: 0 | BV50: 0 | BW50: 0 | BX50: 0 | BY50: 1 | BZ50: 0 | CA50: 0 | CB50: 611144 | CC50: 1426488 | CD50: 19858 | CE50: 327898 | CF50: 606999 | CG50: 732155 | CH50: 676476 | CI50: 1036174 | CJ50: 490166 | CK50: 225676 | CL50: 227598 | CM50: 754694 | CN50: 210648 | CO50: 34163 | CP50: 27841 | CQ50: 19529 | CR50: 22785 | CS50: 67939 | CT50: 53107 | CU50: 96612 | CV50: 34488 | CW50: 159167 | CX50: 177121 | CY50: 856524 | CZ50: 20 | DA50: 26 | DB50: 0 | DC50: 0 | DD50: 6340 | DE50: 0 | DF50: 0 | DG50: 0 | DH50: 0 | DI50: 0 | DJ50: 0 | DK50: 0 | DL50: 0 | DM50: 0 | DN50: 0 | DO50: 0 | DP50: 0 | DQ50: 0 | DR50: 0 | DS50: 0 | DT50: 0 | DU50: 0 | DV50: 0 | DW50: 0 | DX50: 0 | DY50: 0 | DZ50: 0 | EA50: 0 | EB50: 0 | EC50: 0 | ED50: 0 | EE50: 0 | EF50: 0 | EG50: 0 | EH50: 0 | EI50: 0 | EJ50: 0 | EK50: 0 | EL50: 0 | EM50: 1 | EN50: 0 | EO50: 0 | EP50: 0 | EQ50: 738224 | ER50: 824447 | ES50: 549818 | ET50: 352419 | EU50: 188422 | EV50: 444305 | EW50: 3464 | EX50: 620439 | EY50: 174968 | EZ50: 23310 | FA50: 98548 | FB50: 455 | FC50: 13316 | FD50: 116 | FE50: 1888 | FF50: 8890 | FG50: 138318 | FH50: 167472 | FI50: 305354 | FJ50: 151335 | FK50: 0 | FL50: 0 | FM50: 17905 | FN50: 0 | FO50: 2 | FP50: 15625 | FQ50: 117803 | FR50: 0 | FS50: 50689015 | FT50: 2475 | FU50: 0 | FV50: 0 | FW50: 0 | FX50: 0 | FY50: 0 | FZ50: 0 | GA50: 10443 | GB50: 1.7042273e+08
A51: fdip_convBTB | C51: 1.07689 | D51: 50000003 | E51: 46429834 | F51: 121457 | G51: 160922 | H51: 244799 | I51: 111051 | J51: 15621 | K51: 260565 | L51: 46600 | M51: 242454 | N51: 1426488 | O51: 0 | P51: 36359 | Q51: 611316 | R51: 1341925 | S51: 461369 | T51: 899479 | U51: 903703 | V51: 465171 | W51: 216217 | X51: 300233 | Y51: 78453 | Z51: 46447 | AA51: 16103 | AB51: 74815 | AC51: 17129 | AD51: 22678 | AE51: 27356 | AF51: 90346 | AG51: 294840 | AH51: 133837 | AI51: 133692 | AJ51: 648618 | AK51: 37552 | AL51: 0 | AM51: 26 | AN51: 0 | AO51: 6340 | AP51: 0 | AQ51: 0 | AR51: 0 | AS51: 0 | AT51: 0 | AU51: 0 | AV51: 0 | AW51: 0 | AX51: 0 | AY51: 0 | AZ51: 0 | BA51: 0 | BB51: 0 | BC51: 0 | BD51: 0 | BE51: 0 | BF51: 0 | BG51: 0 | BH51: 0 | BI51: 0 | BJ51: 0 | BK51: 0 | BL51: 0 | BM51: 0 | BN51: 0 | BO51: 0 | BP51: 0 | BQ51: 0 | BR51: 0 | BS51: 0 | BT51: 0 | BU51: 0 | BV51: 0 | BW51: 0 | BX51: 0 | BY51: 1 | BZ51: 0 | CA51: 0 | CB51: 616639 | CC51: 1426488 | CD51: 19858 | CE51: 327898 | CF51: 606999 | CG51: 732155 | CH51: 676476 | CI51: 1036174 | CJ51: 490166 | CK51: 225676 | CL51: 227598 | CM51: 754694 | CN51: 210648 | CO51: 34163 | CP51: 27841 | CQ51: 19529 | CR51: 22785 | CS51: 67939 | CT51: 53107 | CU51: 96612 | CV51: 34488 | CW51: 159167 | CX51: 177121 | CY51: 856524 | CZ51: 20 | DA51: 26 | DB51: 0 | DC51: 0 | DD51: 6340 | DE51: 0 | DF51: 0 | DG51: 0 | DH51: 0 | DI51: 0 | DJ51: 0 | DK51: 0 | DL51: 0 | DM51: 0 | DN51: 0 | DO51: 0 | DP51: 0 | DQ51: 0 | DR51: 0 | DS51: 0 | DT51: 0 | DU51: 0 | DV51: 0 | DW51: 0 | DX51: 0 | DY51: 0 | DZ51: 0 | EA51: 0 | EB51: 0 | EC51: 0 | ED51: 0 | EE51: 0 | EF51: 0 | EG51: 0 | EH51: 0 | EI51: 0 | EJ51: 0 | EK51: 0 | EL51: 0 | EM51: 1 | EN51: 0 | EO51: 0 | EP51: 0 | EQ51: 734427 | ER51: 821299 | ES51: 548503 | ET51: 352090 | EU51: 188707 | EV51: 445254 | EW51: 3497 | EX51: 619969 | EY51: 178765 | EZ51: 24895 | FA51: 101202 | FB51: 679 | FC51: 13602 | FD51: 316 | FE51: 464 | FF51: 9360 | FG51: 136772 | FH51: 166420 | FI51: 313447 | FJ51: 150584 | FK51: 0 | FL51: 0 | FM51: 17893 | FN51: 0 | FO51: 2 | FP51: 15623 | FQ51: 117066 | FR51: 0 | FS51: 51188274 | FT51: 2823208 | FU51: 0 | FV51: 0 | FW51: 0 | FX51: 0 | FY51: 0 | FZ51: 0 | GA51: 10443 | GB51: 1.7381369e+08
A52: fdip_pdede | C52: 1.07742 | D52: 50000003 | E52: 46406984 | F52: 121307 | G52: 161026 | H52: 236942 | I52: 111454 | J52: 15306 | K52: 257728 | L52: 46844 | M52: 239477 | N52: 1426488 | O52: 0 | P52: 36359 | Q52: 611316 | R52: 1341925 | S52: 461369 | T52: 899479 | U52: 903703 | V52: 465171 | W52: 216217 | X52: 300233 | Y52: 78453 | Z52: 46447 | AA52: 16103 | AB52: 74815 | AC52: 17129 | AD52: 22678 | AE52: 27356 | AF52: 90346 | AG52: 294840 | AH52: 133837 | AI52: 133692 | AJ52: 648618 | AK52: 37552 | AL52: 0 | AM52: 26 | AN52: 0 | AO52: 6340 | AP52: 0 | AQ52: 0 | AR52: 0 | AS52: 0 | AT52: 0 | AU52: 0 | AV52: 0 | AW52: 0 | AX52: 0 | AY52: 0 | AZ52: 0 | BA52: 0 | BB52: 0 | BC52: 0 | BD52: 0 | BE52: 0 | BF52: 0 | BG52: 0 | BH52: 0 | BI52: 0 | BJ52: 0 | BK52: 0 | BL52: 0 | BM52: 0 | BN52: 0 | BO52: 0 | BP52: 0 | BQ52: 0 | BR52: 0 | BS52: 0 | BT52: 0 | BU52: 0 | BV52: 0 | BW52: 0 | BX52: 0 | BY52: 1 | BZ52: 0 | CA52: 0 | CB52: 606427 | CC52: 1426488 | CD52: 19858 | CE52: 327898 | CF52: 606999 | CG52: 732155 | CH52: 676476 | CI52: 1036174 | CJ52: 490166 | CK52: 225676 | CL52: 227598 | CM52: 754694 | CN52: 210648 | CO52: 34163 | CP52: 27841 | CQ52: 19529 | CR52: 22785 | CS52: 67939 | CT52: 53107 | CU52: 96612 | CV52: 34488 | CW52: 159167 | CX52: 177121 | CY52: 856524 | CZ52: 20 | DA52: 26 | DB52: 0 | DC52: 0 | DD52: 6340 | DE52: 0 | DF52: 0 | DG52: 0 | DH52: 0 | DI52: 0 | DJ52: 0 | DK52: 0 | DL52: 0 | DM52: 0 | DN52: 0 | DO52: 0 | DP52: 0 | DQ52: 0 | DR52: 0 | DS52: 0 | DT52: 0 | DU52: 0 | DV52: 0 | DW52: 0 | DX52: 0 | DY52: 0 | DZ52: 0 | EA52: 0 | EB52: 0 | EC52: 0 | ED52: 0 | EE52: 0 | EF52: 0 | EG52: 0 | EH52: 0 | EI52: 0 | EJ52: 0 | EK52: 0 | EL52: 0 | EM52: 1 | EN52: 0 | EO52: 0 | EP52: 0 | EQ52: 737898 | ER52: 824150 | ES52: 549771 | ET52: 352394 | EU52: 188945 | EV52: 445407 | EW52: 3499 | EX52: 624196 | EY52: 175294 | EZ52: 23596 | FA52: 98591 | FB52: 470 | FC52: 13352 | FD52: 107 | FE52: 226 | FF52: 5133 | FG52: 138284 | FH52: 162406 | FI52: 305737 | FJ52: 151374 | FK52: 0 | FL52: 0 | FM52: 17911 | FN52: 0 | FO52: 2 | FP52: 15626 | FQ52: 117835 | FR52: 0 | FS52: 47968395 | FT52: 1058 | FU52: 1731593 | FV52: 10 | FW52: 428 | FX52: 1731593 | FY52: 0 | FZ52: 428 | GA52: 10443 | GB52: 1.7118064e+08
A53: no_convBTB | C53: 0.970265 | D53: 50000002 | E53: 51532316 | F53: 125129 | G53: 161233 | H53: 0 | I53: 0 | J53: 10233 | K53: 225897 | L53: 50998 | M53: 210309 | CB53: 338253 | EQ53: 840292 | ER53: 894701 | ES53: 553851 | ET53: 359594 | EU53: 188712 | EV53: 445254 | EW53: 3497 | EX53: 625108 | EY53: 72902 | EZ53: 5909 | FA53: 41441 | FB53: 679 | FC53: 6100 | FD53: 317 | FE53: 464 | FF53: 4221 | FG53: 142058 | FH53: 73911 | FI53: 122284 | FJ53: 64162 | FK53: 0 | FL53: 0 | FM53: 17898 | FN53: 0 | FO53: 2 | FP53: 15623 | FQ53: 30639 | FR53: 0 | FS53: 4159548 | FT53: 2823211 | FU53: 0 | FV53: 0 | FW53: 0 | FX53: 0 | FY53: 0 | FZ53: 0 | GA53: 10443 | GB53: 1.1415719e+08
A54: no_pdede | C54: 0.967047 | D54: 50000002 | E54: 51703815 | F54: 125302 | G54: 161164 | H54: 0 | I54: 0 | J54: 10207 | K54: 225964 | L54: 50933 | M54: 210475 | CB54: 351081 | EQ54: 830202 | ER54: 891492 | ES54: 555165 | ET54: 359781 | EU54: 188944 | EV54: 445408 | EW54: 3499 | EX54: 624195 | EY54: 82992 | EZ54: 5661 | FA54: 43793 | FB54: 470 | FC54: 5968 | FD54: 113 | FE54: 225 | FF54: 5134 | FG54: 142381 | FH54: 74179 | FI54: 134521 | FJ54: 64344 | FK54: 0 | FL54: 0 | FM54: 17919 | FN54: 0 | FO54: 2 | FP54: 15626 | FQ54: 30797 | FR54: 0 | FS54: 4312161 | FT54: 1059 | FU54: 972327 | FV54: 10 | FW54: 426 | FX54: 972327 | FY54: 0 | FZ54: 426 | GA54: 10443 | GB54: 1.1363093e+08
A55: client_006 Total | C55: 6.139945 | D55: 300000015 | E55: 293984192 | F55: 739722 | G55: 966579 | H55: 725700 | I55: 325739 | J55: 77071 | K55: 1453457 | L55: 292295 | M55: 1351448 | N55: 4279464 | O55: 0 | P55: 109077 | Q55: 1833948 | R55: 4025775 | S55: 1384107 | T55: 2698437 | U55: 2711109 | V55: 1395513 | W55: 648651 | X55: 900699 | Y55: 235359 | Z55: 139341 | AA55: 48309 | AB55: 224445 | AC55: 51387 | AD55: 68034 | AE55: 82068 | AF55: 271038 | AG55: 884520 | AH55: 401511 | AI55: 401076 | AJ55: 1945854 | AK55: 112656 | AL55: 0 | AM55: 78 | AN55: 0 | AO55: 19020 | AP55: 0 | AQ55: 0 | AR55: 0 | AS55: 0 | AT55: 0 | AU55: 0 | AV55: 0 | AW55: 0 | AX55: 0 | AY55: 0 | AZ55: 0 | BA55: 0 | BB55: 0 | BC55: 0 | BD55: 0 | BE55: 0 | BF55: 0 | BG55: 0 | BH55: 0 | BI55: 0 | BJ55: 0 | BK55: 0 | BL55: 0 | BM55: 0 | BN55: 0 | BO55: 0 | BP55: 0 | BQ55: 0 | BR55: 0 | BS55: 0 | BT55: 0 | BU55: 0 | BV55: 0 | BW55: 0 | BX55: 0 | BY55: 3 | BZ55: 0 | CA55: 0 | CB55: 2860111 | CC55: 4279464 | CD55: 59574 | CE55: 983694 | CF55: 1820997 | CG55: 2196465 | CH55: 2029428 | CI55: 3108522 | CJ55: 1470498 | CK55: 677028 | CL55: 682794 | CM55: 2264082 | CN55: 631944 | CO55: 102489 | CP55: 83523 | CQ55: 58587 | CR55: 68355 | CS55: 203817 | CT55: 159321 | CU55: 289836 | CV55: 103464 | CW55: 477501 | CX55: 531363 | CY55: 2569572 | CZ55: 60 | DA55: 78 | DB55: 0 | DC55: 0 | DD55: 19020 | DE55: 0 | DF55: 0 | DG55: 0 | DH55: 0 | DI55: 0 | DJ55: 0 | DK55: 0 | DL55: 0 | DM55: 0 | DN55: 0 | DO55: 0 | DP55: 0 | DQ55: 0 | DR55: 0 | DS55: 0 | DT55: 0 | DU55: 0 | DV55: 0 | DW55: 0 | DX55: 0 | DY55: 0 | DZ55: 0 | EA55: 0 | EB55: 0 | EC55: 0 | ED55: 0 | EE55: 0 | EF55: 0 | EG55: 0 | EH55: 0 | EI55: 0 | EJ55: 0 | EK55: 0 | EL55: 0 | EM55: 3 | EN55: 0 | EO55: 0 | EP55: 0 | EQ55: 4721823 | ER55: 5151700 | ES55: 3312320 | ET55: 2136081 | EU55: 1132157 | EV55: 2669933 | EW55: 20920 | EX55: 3739499 | EY55: 757335 | EZ55: 89011 | FA55: 423238 | FB55: 3208 | FC55: 58273 | FD55: 1085 | FE55: 5155 | FF55: 36475 | FG55: 840214 | FH55: 718732 | FI55: 1301165 | FJ55: 646117 | FK55: 0 | FL55: 0 | FM55: 107437 | FN55: 0 | FO55: 12 | FP55: 93748 | FQ55: 444920 | FR55: 0 | FS55: 162455377 | FT55: 5653486 | FU55: 2703920 | FV55: 20 | FW55: 854 | FX55: 2703920 | FY55: 0 | FZ55: 854 | GA55: 62658 | GB55: 8.5451094e+08
A56: client_007
A57: no_BTBX | C57: 0.93709 | D57: 50000002 | E57: 53356696 | F57: 172014 | G57: 381871 | H57: 0 | I57: 0 | J57: 8412 | K57: 76482 | L57: 19854 | M57: 72503 | CB57: 401887 | EQ57: 561599 | ER57: 973857 | ES57: 1117570 | ET57: 538353 | EU57: 480137 | EV57: 312267 | EW57: 291 | EX57: 611602 | EY57: 35930 | EZ57: 3966 | FA57: 35431 | FB57: 629 | FC57: 4523 | FD57: 777 | FE57: 1185 | FF57: 3094 | FG57: 80527 | FH57: 241188 | FI57: 80172 | FJ57: 235823 | FK57: 0 | FL57: 0 | FM57: 123103 | FN57: 0 | FO57: 0 | FP57: 63679 | FQ57: 49041 | FR57: 0 | FS57: 4909548 | FT57: 3677 | FU57: 0 | FV57: 0 | FW57: 0 | FX57: 0 | FY57: 0 | FZ57: 0 | GA57: 11005 | GB57: 1.149687e+08
A58: fdip_BTBX | C58: 1.04209 | D58: 50000000 | E58: 47980655 | F58: 162370 | G58: 381136 | H58: 221717 | I58: 151907 | J58: 11096 | K58: 89848 | L58: 17866 | M58: 81769 | N58: 1422234 | O58: 0 | P58: 37404 | Q58: 621262 | R58: 1249827 | S58: 1073421 | T58: 1650542 | U58: 1049072 | V58: 518813 | W58: 339056 | X58: 201285 | Y58: 149548 | Z58: 75424 | AA58: 84635 | AB58: 160369 | AC58: 244130 | AD58: 113068 | AE58: 69010 | AF58: 86577 | AG58: 265488 | AH58: 150831 | AI58: 126912 | AJ58: 413013 | AK58: 69956 | AL58: 0 | AM58: 0 | AN58: 0 | AO58: 603 | AP58: 0 | AQ58: 0 | AR58: 0 | AS58: 0 | AT58: 0 | AU58: 0 | AV58: 0 | AW58: 0 | AX58: 0 | AY58: 0 | AZ58: 0 | BA58: 0 | BB58: 0 | BC58: 0 | BD58: 0 | BE58: 0 | BF58: 0 | BG58: 0 | BH58: 0 | BI58: 0 | BJ58: 0 | BK58: 0 | BL58: 0 | BM58: 0 | BN58: 0 | BO58: 0 | BP58: 0 | BQ58: 0 | BR58: 0 | BS58: 0 | BT58: 0 | BU58: 0 | BV58: 0 | BW58: 0 | BX58: 0 | BY58: 1 | BZ58: 0 | CA58: 0 | CB58: 532387 | CC58: 1422234 | CD58: 16012 | CE58: 433635 | CF58: 474942 | CG58: 821565 | CH58: 967969 | CI58: 1101811 | CJ58: 1038852 | CK58: 488871 | CL58: 557889 | CM58: 670200 | CN58: 154495 | CO58: 162252 | CP58: 105869 | CQ58: 279714 | CR58: 174704 | CS58: 70783 | CT58: 92065 | CU58: 157066 | CV58: 164462 | CW58: 221564 | CX58: 57738 | CY58: 537062 | CZ58: 123 | DA58: 0 | DB58: 0 | DC58: 0 | DD58: 603 | DE58: 0 | DF58: 0 | DG58: 0 | DH58: 0 | DI58: 0 | DJ58: 0 | DK58: 0 | DL58: 0 | DM58: 0 | DN58: 0 | DO58: 0 | DP58: 0 | DQ58: 0 | DR58: 0 | DS58: 0 | DT58: 0 | DU58: 0 | DV58: 0 | DW58: 0 | DX58: 0 | DY58: 0 | DZ58: 0 | EA58: 0 | EB58: 0 | EC58: 0 | ED58: 0 | EE58: 0 | EF58: 0 | EG58: 0 | EH58: 0 | EI58: 0 | EJ58: 0 | EK58: 0 | EL58: 0 | EM58: 1 | EN58: 0 | EO58: 0 | EP58: 0 | EQ58: 546376 | ER58: 925960 | ES58: 1109434 | ET58: 531792 | EU58: 480133 | EV58: 312267 | EW58: 291 | EX58: 603695 | EY58: 51150 | EZ58: 14481 | FA58: 80388 | FB58: 1164 | FC58: 11082 | FD58: 777 | FE58: 1185 | FF58: 11000 | FG58: 78750 | FH58: 297217 | FI58: 156420 | FJ58: 282408 | FK58: 0 | FL58: 0 | FM58: 123099 | FN58: 0 | FO58: 0 | FP58: 63679 | FQ58: 95630 | FR58: 0 | FS58: 46487243 | FT58: 3677 | FU58: 0 | FV58: 0 | FW58: 0 | FX58: 0 | FY58: 0 | FZ58: 0 | GA58: 11005 | GB58: 1.7225602e+08
A59: fdip_convBTB | C59: 1.04282 | D59: 50000000 | E59: 47946857 | F59: 162335 | G59: 381145 | H59: 218134 | I59: 156629 | J59: 11263 | K59: 90454 | L59: 18264 | M59: 82918 | N59: 1422234 | O59: 0 | P59: 37404 | Q59: 621262 | R59: 1249827 | S59: 1073421 | T59: 1650542 | U59: 1049072 | V59: 518813 | W59: 339056 | X59: 201285 | Y59: 149548 | Z59: 75424 | AA59: 84635 | AB59: 160369 | AC59: 244130 | AD59: 113068 | AE59: 69010 | AF59: 86577 | AG59: 265488 | AH59: 150831 | AI59: 126912 | AJ59: 413013 | AK59: 69956 | AL59: 0 | AM59: 0 | AN59: 0 | AO59: 603 | AP59: 0 | AQ59: 0 | AR59: 0 | AS59: 0 | AT59: 0 | AU59: 0 | AV59: 0 | AW59: 0 | AX59: 0 | AY59: 0 | AZ59: 0 | BA59: 0 | BB59: 0 | BC59: 0 | BD59: 0 | BE59: 0 | BF59: 0 | BG59: 0 | BH59: 0 | BI59: 0 | BJ59: 0 | BK59: 0 | BL59: 0 | BM59: 0 | BN59: 0 | BO59: 0 | BP59: 0 | BQ59: 0 | BR59: 0 | BS59: 0 | BT59: 0 | BU59: 0 | BV59: 0 | BW59: 0 | BX59: 0 | BY59: 1 | BZ59: 0 | CA59: 0 | CB59: 533336 | CC59: 1422234 | CD59: 16012 | CE59: 433635 | CF59: 474942 | CG59: 821565 | CH59: 967969 | CI59: 1101811 | CJ59: 1038852 | CK59: 488871 | CL59: 557889 | CM59: 670200 | CN59: 154495 | CO59: 162252 | CP59: 105869 | CQ59: 279714 | CR59: 174704 | CS59: 70783 | CT59: 92065 | CU59: 157066 | CV59: 164462 | CW59: 221564 | CX59: 57738 | CY59: 537062 | CZ59: 123 | DA59: 0 | DB59: 0 | DC59: 0 | DD59: 603 | DE59: 0 | DF59: 0 | DG59: 0 | DH59: 0 | DI59: 0 | DJ59: 0 | DK59: 0 | DL59: 0 | DM59: 0 | DN59: 0 | DO59: 0 | DP59: 0 | DQ59: 0 | DR59: 0 | DS59: 0 | DT59: 0 | DU59: 0 | DV59: 0 | DW59: 0 | DX59: 0 | DY59: 0 | DZ59: 0 | EA59: 0 | EB59: 0 | EC59: 0 | ED59: 0 | EE59: 0 | EF59: 0 | EG59: 0 | EH59: 0 | EI59: 0 | EJ59: 0 | EK59: 0 | EL59: 0 | EM59: 1 | EN59: 0 | EO59: 0 | EP59: 0 | EQ59: 545992 | ER59: 923181 | ES59: 1109212 | ET59: 531591 | EU59: 480512 | EV59: 312595 | EW59: 296 | EX59: 603428 | EY59: 51534 | EZ59: 16212 | FA59: 81516 | FB59: 1306 | FC59: 11287 | FD59: 677 | FE59: 569 | FF59: 11267 | FG59: 77483 | FH59: 296027 | FI59: 159826 | FJ59: 281483 | FK59: 0 | FL59: 0 | FM59: 123098 | FN59: 0 | FO59: 0 | FP59: 63679 | FQ59: 94706 | FR59: 0 | FS59: 46523511 | FT59: 1911300 | FU59: 0 | FV59: 0 | FW59: 0 | FX59: 0 | FY59: 0 | FZ59: 0 | GA59: 11005 | GB59: 1.7416959e+08
A60: fdip_pdede | C60: 1.04171 | D60: 50000000 | E60: 47997864 | F60: 162457 | G60: 381184 | H60: 206149 | I60: 148383 | J60: 10927 | K60: 89914 | L60: 18193 | M60: 82468 | N60: 1422234 | O60: 0 | P60: 37404 | Q60: 621262 | R60: 1249827 | S60: 1073421 | T60: 1650542 | U60: 1049072 | V60: 518813 | W60: 339056 | X60: 201285 | Y60: 149548 | Z60: 75424 | AA60: 84635 | AB60: 160369 | AC60: 244130 | AD60: 113068 | AE60: 69010 | AF60: 86577 | AG60: 265488 | AH60: 150831 | AI60: 126912 | AJ60: 413013 | AK60: 69956 | AL60: 0 | AM60: 0 | AN60: 0 | AO60: 603 | AP60: 0 | AQ60: 0 | AR60: 0 | AS60: 0 | AT60: 0 | AU60: 0 | AV60: 0 | AW60: 0 | AX60: 0 | AY60: 0 | AZ60: 0 | BA60: 0 | BB60: 0 | BC60: 0 | BD60: 0 | BE60: 0 | BF60: 0 | BG60: 0 | BH60: 0 | BI60: 0 | BJ60: 0 | BK60: 0 | BL60: 0 | BM60: 0 | BN60: 0 | BO60: 0 | BP60: 0 | BQ60: 0 | BR60: 0 | BS60: 0 | BT60: 0 | BU60: 0 | BV60: 0 | BW60: 0 | BX60: 0 | BY60: 1 | BZ60: 0 | CA60: 0 | CB60: 526750 | CC60: 1422234 | CD60: 16012 | CE60: 433635 | CF60: 474942 | CG60: 821565 | CH60: 967969 | CI60: 1101811 | CJ60: 1038852 | CK60: 488871 | CL60: 557889 | CM60: 670200 | CN60: 154495 | CO60: 162252 | CP60: 105869 | CQ60: 279714 | CR60: 174704 | CS60: 70783 | CT60: 92065 | CU60: 157066 | CV60: 164462 | CW60: 221564 | CX60: 57738 | CY60: 537062 | CZ60: 123 | DA60: 0 | DB60: 0 | DC60: 0 | DD60: 603 | DE60: 0 | DF60: 0 | DG60: 0 | DH60: 0 | DI60: 0 | DJ60: 0 | DK60: 0 | DL60: 0 | DM60: 0 | DN60: 0 | DO60: 0 | DP60: 0 | DQ60: 0 | DR60: 0 | DS60: 0 | DT60: 0 | DU60: 0 | DV60: 0 | DW60: 0 | DX60: 0 | DY60: 0 | DZ60: 0 | EA60: 0 | EB60: 0 | EC60: 0 | ED60: 0 | EE60: 0 | EF60: 0 | EG60: 0 | EH60: 0 | EI60: 0 | EJ60: 0 | EK60: 0 | EL60: 0 | EM60: 1 | EN60: 0 | EO60: 0 | EP60: 0 | EQ60: 546339 | ER60: 925931 | ES60: 1109415 | ET60: 531842 | EU60: 480683 | EV60: 312694 | EW60: 297 | EX60: 607486 | EY60: 51187 | EZ60: 14512 | FA60: 80398 | FB60: 1171 | FC60: 11073 | FD60: 510 | FE60: 428 | FF60: 7209 | FG60: 78760 | FH60: 291528 | FI60: 156462 | FJ60: 281500 | FK60: 0 | FL60: 0 | FM60: 123102 | FN60: 0 | FO60: 0 | FP60: 63687 | FQ60: 94711 | FR60: 0 | FS60: 42039886 | FT60: 2739 | FU60: 2096612 | FV60: 71 | FW60: 1034 | FX60: 2096612 | FY60: 0 | FZ60: 1034 | GA60: 11005 | GB60: 1.7198917e+08
A61: no_convBTB | C61: 0.936606 | D61: 50000002 | E61: 53384239 | F61: 172019 | G61: 381871 | H61: 0 | I61: 0 | J61: 8409 | K61: 76489 | L61: 19885 | M61: 72466 | CB61: 402350 | EQ61: 561392 | ER61: 972983 | ES61: 1117354 | ET61: 538270 | EU61: 480516 | EV61: 312595 | EW61: 296 | EX61: 611337 | EY61: 36137 | EZ61: 4092 | FA61: 36257 | FB61: 767 | FC61: 4610 | FD61: 677 | FE61: 569 | FF61: 3359 | FG61: 80278 | FH61: 240700 | FI61: 81372 | FJ61: 235602 | FK61: 0 | FL61: 0 | FM61: 123102 | FN61: 0 | FO61: 0 | FP61: 63679 | FQ61: 48821 | FR61: 0 | FS61: 4916724 | FT61: 1911309 | FU61: 0 | FV61: 0 | FW61: 0 | FX61: 0 | FY61: 0 | FZ61: 0 | GA61: 11005 | GB61: 1.1691153e+08
A62: no_pdede | C62: 0.933605 | D62: 50000002 | E62: 53555826 | F62: 172142 | G62: 381851 | H62: 0 | I62: 0 | J62: 8468 | K62: 76366 | L62: 19582 | M62: 72115 | CB62: 404584 | EQ62: 561700 | ER62: 973664 | ES62: 1117552 | ET62: 538396 | EU62: 480687 | EV62: 312695 | EW62: 297 | EX62: 607806 | EY62: 35829 | EZ62: 3968 | FA62: 35637 | FB62: 632 | FC62: 4518 | FD62: 513 | FE62: 427 | FF62: 6890 | FG62: 80526 | FH62: 243815 | FI62: 80243 | FJ62: 235642 | FK62: 0 | FL62: 0 | FM62: 123106 | FN62: 0 | FO62: 0 | FP62: 63687 | FQ62: 48849 | FR62: 0 | FS62: 4941872 | FT62: 2736 | FU62: 1203789 | FV62: 71 | FW62: 1036 | FX62: 1203789 | FY62: 0 | FZ62: 1036 | GA62: 11005 | GB62: 1.1761335e+08
A63: client_007 Total | C63: 5.933921 | D63: 300000006 | E63: 304222137 | F63: 1003337 | G63: 2289058 | H63: 646000 | I63: 456919 | J63: 58575 | K63: 499553 | L63: 113644 | M63: 464239 | N63: 4266702 | O63: 0 | P63: 112212 | Q63: 1863786 | R63: 3749481 | S63: 3220263 | T63: 4951626 | U63: 3147216 | V63: 1556439 | W63: 1017168 | X63: 603855 | Y63: 448644 | Z63: 226272 | AA63: 253905 | AB63: 481107 | AC63: 732390 | AD63: 339204 | AE63: 207030 | AF63: 259731 | AG63: 796464 | AH63: 452493 | AI63: 380736 | AJ63: 1239039 | AK63: 209868 | AL63: 0 | AM63: 0 | AN63: 0 | AO63: 1809 | AP63: 0 | AQ63: 0 | AR63: 0 | AS63: 0 | AT63: 0 | AU63: 0 | AV63: 0 | AW63: 0 | AX63: 0 | AY63: 0 | AZ63: 0 | BA63: 0 | BB63: 0 | BC63: 0 | BD63: 0 | BE63: 0 | BF63: 0 | BG63: 0 | BH63: 0 | BI63: 0 | BJ63: 0 | BK63: 0 | BL63: 0 | BM63: 0 | BN63: 0 | BO63: 0 | BP63: 0 | BQ63: 0 | BR63: 0 | BS63: 0 | BT63: 0 | BU63: 0 | BV63: 0 | BW63: 0 | BX63: 0 | BY63: 3 | BZ63: 0 | CA63: 0 | CB63: 2801294 | CC63: 4266702 | CD63: 48036 | CE63: 1300905 | CF63: 1424826 | CG63: 2464695 | CH63: 2903907 | CI63: 3305433 | CJ63: 3116556 | CK63: 1466613 | CL63: 1673667 | CM63: 2010600 | CN63: 463485 | CO63: 486756 | CP63: 317607 | CQ63: 839142 | CR63: 524112 | CS63: 212349 | CT63: 276195 | CU63: 471198 | CV63: 493386 | CW63: 664692 | CX63: 173214 | CY63: 1611186 | CZ63: 369 | DA63: 0 | DB63: 0 | DC63: 0 | DD63: 1809 | DE63: 0 | DF63: 0 | DG63: 0 | DH63: 0 | DI63: 0 | DJ63: 0 | DK63: 0 | DL63: 0 | DM63: 0 | DN63: 0 | DO63: 0 | DP63: 0 | DQ63: 0 | DR63: 0 | DS63: 0 | DT63: 0 | DU63: 0 | DV63: 0 | DW63: 0 | DX63: 0 | DY63: 0 | DZ63: 0 | EA63: 0 | EB63: 0 | EC63: 0 | ED63: 0 | EE63: 0 | EF63: 0 | EG63: 0 | EH63: 0 | EI63: 0 | EJ63: 0 | EK63: 0 | EL63: 0 | EM63: 3 | EN63: 0 | EO63: 0 | EP63: 0 | EQ63: 3323398 | ER63: 5695576 | ES63: 6680537 | ET63: 3210244 | EU63: 2882668 | EV63: 1875113 | EW63: 1768 | EX63: 3645354 | EY63: 261767 | EZ63: 57231 | FA63: 349627 | FB63: 5669 | FC63: 47093 | FD63: 3931 | FE63: 4363 | FF63: 42819 | FG63: 476324 | FH63: 1610475 | FI63: 714495 | FJ63: 1552458 | FK63: 0 | FL63: 0 | FM63: 738610 | FN63: 0 | FO63: 0 | FP63: 382090 | FQ63: 431758 | FR63: 0 | FS63: 149818784 | FT63: 3835438 | FU63: 3300401 | FV63: 142 | FW63: 2070 | FX63: 3300401 | FY63: 0 | FZ63: 2070 | GA63: 66030 | GB63: 8.6790836e+08
A64: client_008
A65: no_BTBX | C65: 0.892697 | D65: 50000002 | E65: 56010064 | F65: 220252 | G65: 521812 | H65: 0 | I65: 0 | J65: 16751 | K65: 151441 | L65: 29085 | M65: 66760 | CB65: 579994 | EQ65: 1143716 | ER65: 1018670 | ES65: 1159670 | ET65: 453334 | EU65: 1094177 | EV65: 125882 | EW65: 11212 | EX65: 1258830 | EY65: 58123 | EZ65: 6443 | FA65: 25830 | FB65: 33470 | FC65: 700 | FD65: 6515 | FE65: 10101 | FF65: 25144 | FG65: 124015 | FH65: 334470 | FI65: 121509 | FJ65: 289653 | FK65: 0 | FL65: 0 | FM65: 45329 | FN65: 0 | FO65: 0 | FP65: 134327 | FQ65: 109997 | FR65: 0 | FS65: 7184616 | FT65: 20863 | FU65: 0 | FV65: 0 | FW65: 0 | FX65: 0 | FY65: 0 | FZ65: 0 | GA65: 29128 | GB65: 1.2242189e+08
A66: fdip_BTBX | C66: 0.938847 | D66: 50000002 | E66: 53256789 | F66: 209239 | G66: 521366 | H66: 350654 | I66: 177912 | J66: 23776 | K66: 196017 | L66: 25600 | M66: 81430 | N66: 2263044 | O66: 0 | P66: 2113 | Q66: 1911214 | R66: 1005694 | S66: 961651 | T66: 827144 | U66: 1056787 | V66: 626804 | W66: 474953 | X66: 199614 | Y66: 146256 | Z66: 89206 | AA66: 80073 | AB66: 209668 | AC66: 111221 | AD66: 84169 | AE66: 137764 | AF66: 212284 | AG66: 351285 | AH66: 521781 | AI66: 440241 | AJ66: 438429 | AK66: 3 | AL66: 0 | AM66: 0 | AN66: 0 | AO66: 0 | AP66: 0 | AQ66: 0 | AR66: 0 | AS66: 0 | AT66: 0 | AU66: 0 | AV66: 0 | AW66: 0 | AX66: 0 | AY66: 0 | AZ66: 24689 | BA66: 0 | BB66: 0 | BC66: 0 | BD66: 0 | BE66: 0 | BF66: 0 | BG66: 0 | BH66: 0 | BI66: 0 | BJ66: 0 | BK66: 0 | BL66: 0 | BM66: 0 | BN66: 0 | BO66: 0 | BP66: 0 | BQ66: 0 | BR66: 0 | BS66: 0 | BT66: 0 | BU66: 0 | BV66: 0 | BW66: 0 | BX66: 0 | BY66: 0 | BZ66: 0 | CA66: 0 | CB66: 913383 | CC66: 2263044 | CD66: 1740 | CE66: 764518 | CF66: 972530 | CG66: 935620 | CH66: 759712 | CI66: 806892 | CJ66: 668928 | CK66: 667094 | CL66: 883908 | CM66: 368655 | CN66: 297351 | CO66: 95308 | CP66: 77815 | CQ66: 212235 | CR66: 79949 | CS66: 181477 | CT66: 134332 | CU66: 203032 | CV66: 620429 | CW66: 642654 | CX66: 514169 | CY66: 0 | CZ66: 0 | DA66: 0 | DB66: 0 | DC66: 6 | DD66: 0 | DE66: 0 | DF66: 0 | DG66: 0 | DH66: 0 | DI66: 0 | DJ66: 0 | DK66: 0 | DL66: 0 | DM66: 0 | DN66: 24689 | DO66: 0 | DP66: 0 | DQ66: 0 | DR66: 0 | DS66: 0 | DT66: 0 | DU66: 0 | DV66: 0 | DW66: 0 | DX66: 0 | DY66: 0 | DZ66: 0 | EA66: 0 | EB66: 0 | EC66: 0 | ED66: 0 | EE66: 0 | EF66: 0 | EG66: 0 | EH66: 0 | EI66: 0 | EJ66: 0 | EK66: 0 | EL66: 0 | EM66: 0 | EN66: 0 | EO66: 0 | EP66: 0 | EQ66: 1048228 | ER66: 947349 | ES66: 1115874 | ET66: 453332 | EU66: 1093648 | EV66: 125880 | EW66: 11212 | EX66: 1252068 | EY66: 153610 | EZ66: 19178 | FA66: 114967 | FB66: 46713 | FC66: 700 | FD66: 7043 | FE66: 10101 | FF66: 31904 | FG66: 119513 | FH66: 469871 | FI66: 323999 | FJ66: 409654 | FK66: 0 | FL66: 0 | FM66: 45329 | FN66: 0 | FO66: 0 | FP66: 134303 | FQ66: 230022 | FR66: 0 | FS66: 67933645 | FT66: 20863 | FU66: 0 | FV66: 0 | FW66: 0 | FX66: 0 | FY66: 0 | FZ66: 0 | GA66: 29128 | GB66: 2.0625648e+08
A67: fdip_convBTB | C67: 0.937473 | D67: 50000002 | E67: 53334851 | F67: 209239 | G67: 521199 | H67: 343121 | I67: 199196 | J67: 24650 | K67: 204143 | L67: 25880 | M67: 86435 | N67: 2263044 | O67: 0 | P67: 2113 | Q67: 1911214 | R67: 1005694 | S67: 961651 | T67: 827144 | U67: 1056787 | V67: 626804 | W67: 474953 | X67: 199614 | Y67: 146256 | Z67: 89206 | AA67: 80073 | AB67: 209668 | AC67: 111221 | AD67: 84169 | AE67: 137764 | AF67: 212284 | AG67: 351285 | AH67: 521781 | AI67: 440241 | AJ67: 438429 | AK67: 3 | AL67: 0 | AM67: 0 | AN67: 0 | AO67: 0 | AP67: 0 | AQ67: 0 | AR67: 0 | AS67: 0 | AT67: 0 | AU67: 0 | AV67: 0 | AW67: 0 | AX67: 0 | AY67: 0 | AZ67: 24689 | BA67: 0 | BB67: 0 | BC67: 0 | BD67: 0 | BE67: 0 | BF67: 0 | BG67: 0 | BH67: 0 | BI67: 0 | BJ67: 0 | BK67: 0 | BL67: 0 | BM67: 0 | BN67: 0 | BO67: 0 | BP67: 0 | BQ67: 0 | BR67: 0 | BS67: 0 | BT67: 0 | BU67: 0 | BV67: 0 | BW67: 0 | BX67: 0 | BY67: 0 | BZ67: 0 | CA67: 0 | CB67: 905558 | CC67: 2263044 | CD67: 1740 | CE67: 764518 | CF67: 972530 | CG67: 935620 | CH67: 759712 | CI67: 806892 | CJ67: 668928 | CK67: 667094 | CL67: 883908 | CM67: 368655 | CN67: 297351 | CO67: 95308 | CP67: 77815 | CQ67: 212235 | CR67: 79949 | CS67: 181477 | CT67: 134332 | CU67: 203032 | CV67: 620429 | CW67: 642654 | CX67: 514169 | CY67: 0 | CZ67: 0 | DA67: 0 | DB67: 0 | DC67: 6 | DD67: 0 | DE67: 0 | DF67: 0 | DG67: 0 | DH67: 0 | DI67: 0 | DJ67: 0 | DK67: 0 | DL67: 0 | DM67: 0 | DN67: 24689 | DO67: 0 | DP67: 0 | DQ67: 0 | DR67: 0 | DS67: 0 | DT67: 0 | DU67: 0 | DV67: 0 | DW67: 0 | DX67: 0 | DY67: 0 | DZ67: 0 | EA67: 0 | EB67: 0 | EC67: 0 | ED67: 0 | EE67: 0 | EF67: 0 | EG67: 0 | EH67: 0 | EI67: 0 | EJ67: 0 | EK67: 0 | EL67: 0 | EM67: 0 | EN67: 0 | EO67: 0 | EP67: 0 | EQ67: 1045303 | ER67: 943365 | ES67: 1112819 | ET67: 451323 | EU67: 1095491 | EV67: 130493 | EW67: 11252 | EX67: 1250173 | EY67: 156535 | EZ67: 20609 | FA67: 118313 | FB67: 48975 | FC67: 1683 | FD67: 7727 | FE67: 3947 | FF67: 33799 | FG67: 115458 | FH67: 455692 | FI67: 334408 | FJ67: 398512 | FK67: 0 | FL67: 0 | FM67: 45333 | FN67: 0 | FO67: 0 | FP67: 134347 | FQ67: 218832 | FR67: 0 | FS67: 67210797 | FT67: 3097435 | FU67: 0 | FV67: 0 | FW67: 0 | FX67: 0 | FY67: 0 | FZ67: 0 | GA67: 29128 | GB67: 2.086782e+08
A68: fdip_pdede | C68: 0.941761 | D68: 50000002 | E68: 53092009 | F68: 209368 | G68: 521291 | H68: 329303 | I68: 194545 | J68: 23390 | K68: 194702 | L68: 25730 | M68: 82489 | N68: 2263044 | O68: 0 | P68: 2113 | Q68: 1911214 | R68: 1005694 | S68: 961651 | T68: 827144 | U68: 1056787 | V68: 626804 | W68: 474953 | X68: 199614 | Y68: 146256 | Z68: 89206 | AA68: 80073 | AB68: 209668 | AC68: 111221 | AD68: 84169 | AE68: 137764 | AF68: 212284 | AG68: 351285 | AH68: 521781 | AI68: 440241 | AJ68: 438429 | AK68: 3 | AL68: 0 | AM68: 0 | AN68: 0 | AO68: 0 | AP68: 0 | AQ68: 0 | AR68: 0 | AS68: 0 | AT68: 0 | AU68: 0 | AV68: 0 | AW68: 0 | AX68: 0 | AY68: 0 | AZ68: 24689 | BA68: 0 | BB68: 0 | BC68: 0 | BD68: 0 | BE68: 0 | BF68: 0 | BG68: 0 | BH68: 0 | BI68: 0 | BJ68: 0 | BK68: 0 | BL68: 0 | BM68: 0 | BN68: 0 | BO68: 0 | BP68: 0 | BQ68: 0 | BR68: 0 | BS68: 0 | BT68: 0 | BU68: 0 | BV68: 0 | BW68: 0 | BX68: 0 | BY68: 0 | BZ68: 0 | CA68: 0 | CB68: 877342 | CC68: 2263044 | CD68: 1740 | CE68: 764518 | CF68: 972530 | CG68: 935620 | CH68: 759712 | CI68: 806892 | CJ68: 668928 | CK68: 667094 | CL68: 883908 | CM68: 368655 | CN68: 297351 | CO68: 95308 | CP68: 77815 | CQ68: 212235 | CR68: 79949 | CS68: 181477 | CT68: 134332 | CU68: 203032 | CV68: 620429 | CW68: 642654 | CX68: 514169 | CY68: 0 | CZ68: 0 | DA68: 0 | DB68: 0 | DC68: 6 | DD68: 0 | DE68: 0 | DF68: 0 | DG68: 0 | DH68: 0 | DI68: 0 | DJ68: 0 | DK68: 0 | DL68: 0 | DM68: 0 | DN68: 24689 | DO68: 0 | DP68: 0 | DQ68: 0 | DR68: 0 | DS68: 0 | DT68: 0 | DU68: 0 | DV68: 0 | DW68: 0 | DX68: 0 | DY68: 0 | DZ68: 0 | EA68: 0 | EB68: 0 | EC68: 0 | ED68: 0 | EE68: 0 | EF68: 0 | EG68: 0 | EH68: 0 | EI68: 0 | EJ68: 0 | EK68: 0 | EL68: 0 | EM68: 0 | EN68: 0 | EO68: 0 | EP68: 0 | EQ68: 1048018 | ER68: 946969 | ES68: 1115468 | ET68: 453612 | EU68: 1098034 | EV68: 131263 | EW68: 11271 | EX68: 1268209 | EY68: 153820 | EZ68: 19357 | FA68: 115334 | FB68: 46953 | FC68: 888 | FD68: 4242 | FE68: 2606 | FF68: 15763 | FG68: 118972 | FH68: 433983 | FI68: 324387 | FJ68: 399407 | FK68: 0 | FL68: 0 | FM68: 45340 | FN68: 0 | FO68: 0 | FP68: 134402 | FQ68: 219665 | FR68: 0 | FS68: 58730983 | FT68: 14086 | FU68: 3467520 | FV68: 92 | FW68: 7238 | FX68: 3467520 | FY68: 0 | FZ68: 7238 | GA68: 29128 | GB68: 2.0373411e+08
A69: no_convBTB | C69: 0.891947 | D69: 50000002 | E69: 56057173 | F69: 219892 | G69: 521762 | H69: 0 | I69: 0 | J69: 16786 | K69: 151388 | L69: 29083 | M69: 66511 | CB69: 580436 | EQ69: 1141058 | ER69: 1016393 | ES69: 1157679 | ET69: 452527 | EU69: 1096020 | EV69: 130495 | EW69: 11252 | EX69: 1256802 | EY69: 60781 | EZ69: 7338 | FA69: 27914 | FB69: 34759 | FC69: 1478 | FD69: 6202 | FE69: 3947 | FF69: 27172 | FG69: 121612 | FH69: 331190 | FI69: 127634 | FJ69: 289233 | FK69: 0 | FL69: 0 | FM69: 45333 | FN69: 0 | FO69: 0 | FP69: 134371 | FQ69: 109529 | FR69: 0 | FS69: 7201452 | FT69: 3097454 | FU69: 0 | FV69: 0 | FW69: 0 | FX69: 0 | FY69: 0 | FZ69: 0 | GA69: 29128 | GB69: 1.2556179e+08
A70: no_pdede | C70: 0.894133 | D70: 50000002 | E70: 55920111 | F70: 220354 | G70: 521724 | H70: 0 | I70: 0 | J70: 16803 | K70: 151888 | L70: 29173 | M70: 66970 | CB70: 585197 | EQ70: 1144424 | ER70: 1018343 | ES70: 1134129 | ET70: 453611 | EU70: 1098032 | EV70: 131269 | EW70: 11265 | EX70: 1270017 | EY70: 57415 | EZ70: 6507 | FA70: 51372 | FB70: 33732 | FC70: 890 | FD70: 4242 | FE70: 2612 | FF70: 13957 | FG70: 123317 | FH70: 315852 | FI70: 146028 | FJ70: 291153 | FK70: 0 | FL70: 0 | FM70: 45341 | FN70: 0 | FO70: 0 | FP70: 134402 | FQ70: 111410 | FR70: 0 | FS70: 7252323 | FT70: 14117 | FU70: 1864593 | FV70: 92 | FW70: 7245 | FX70: 1864593 | FY70: 0 | FZ70: 7245 | GA70: 29128 | GB70: 1.2615088e+08
A71: client_008 Total | C71: 5.496858 | D71: 300000012 | E71: 327670997 | F71: 1288344 | G71: 3129154 | H71: 1023078 | I71: 571653 | J71: 122156 | K71: 1049579 | L71: 164551 | M71: 450595 | N71: 6789132 | O71: 0 | P71: 6339 | Q71: 5733642 | R71: 3017082 | S71: 2884953 | T71: 2481432 | U71: 3170361 | V71: 1880412 | W71: 1424859 | X71: 598842 | Y71: 438768 | Z71: 267618 | AA71: 240219 | AB71: 629004 | AC71: 333663 | AD71: 252507 | AE71: 413292 | AF71: 636852 | AG71: 1053855 | AH71: 1565343 | AI71: 1320723 | AJ71: 1315287 | AK71: 9 | AL71: 0 | AM71: 0 | AN71: 0 | AO71: 0 | AP71: 0 | AQ71: 0 | AR71: 0 | AS71: 0 | AT71: 0 | AU71: 0 | AV71: 0 | AW71: 0 | AX71: 0 | AY71: 0 | AZ71: 74067 | BA71: 0 | BB71: 0 | BC71: 0 | BD71: 0 | BE71: 0 | BF71: 0 | BG71: 0 | BH71: 0 | BI71: 0 | BJ71: 0 | BK71: 0 | BL71: 0 | BM71: 0 | BN71: 0 | BO71: 0 | BP71: 0 | BQ71: 0 | BR71: 0 | BS71: 0 | BT71: 0 | BU71: 0 | BV71: 0 | BW71: 0 | BX71: 0 | BY71: 0 | BZ71: 0 | CA71: 0 | CB71: 4441910 | CC71: 6789132 | CD71: 5220 | CE71: 2293554 | CF71: 2917590 | CG71: 2806860 | CH71: 2279136 | CI71: 2420676 | CJ71: 2006784 | CK71: 2001282 | CL71: 2651724 | CM71: 1105965 | CN71: 892053 | CO71: 285924 | CP71: 233445 | CQ71: 636705 | CR71: 239847 | CS71: 544431 | CT71: 402996 | CU71: 609096 | CV71: 1861287 | CW71: 1927962 | CX71: 1542507 | CY71: 0 | CZ71: 0 | DA71: 0 | DB71: 0 | DC71: 18 | DD71: 0 | DE71: 0 | DF71: 0 | DG71: 0 | DH71: 0 | DI71: 0 | DJ71: 0 | DK71: 0 | DL71: 0 | DM71: 0 | DN71: 74067 | DO71: 0 | DP71: 0 | DQ71: 0 | DR71: 0 | DS71: 0 | DT71: 0 | DU71: 0 | DV71: 0 | DW71: 0 | DX71: 0 | DY71: 0 | DZ71: 0 | EA71: 0 | EB71: 0 | EC71: 0 | ED71: 0 | EE71: 0 | EF71: 0 | EG71: 0 | EH71: 0 | EI71: 0 | EJ71: 0 | EK71: 0 | EL71: 0 | EM71: 0 | EN71: 0 | EO71: 0 | EP71: 0 | EQ71: 6570747 | ER71: 5891089 | ES71: 6795639 | ET71: 2717739 | EU71: 6575402 | EV71: 775282 | EW71: 67464 | EX71: 7556099 | EY71: 640284 | EZ71: 79432 | FA71: 453730 | FB71: 244602 | FC71: 6339 | FD71: 35971 | FE71: 33314 | FF71: 147739 | FG71: 722887 | FH71: 2341058 | FI71: 1377965 | FJ71: 2077612 | FK71: 0 | FL71: 0 | FM71: 272005 | FN71: 0 | FO71: 0 | FP71: 806152 | FQ71: 999455 | FR71: 0 | FS71: 215513816 | FT71: 6264818 | FU71: 5332113 | FV71: 184 | FW71: 14483 | FX71: 5332113 | FY71: 0 | FZ71: 14483 | GA71: 174768 | GB71: 9.9280334e+08
A72: server_001
A73: no_BTBX | C73: 1.0292 | D73: 50000000 | E73: 48581328 | F73: 148291 | G73: 91023 | H73: 0 | I73: 0 | J73: 25811 | K73: 150210 | L73: 43546 | M73: 169650 | CB73: 307256 | EQ73: 876566 | ER73: 355849 | ES73: 545342 | ET73: 169017 | EU73: 496306 | EV73: 221037 | EW73: 2169 | EX73: 616918 | EY73: 128002 | EZ73: 822 | FA73: 12503 | FB73: 323 | FC73: 1577 | FD73: 1088 | FE73: 2181 | FF73: 203 | FG73: 28612 | FH73: 135488 | FI73: 143156 | FJ73: 131941 | FK73: 0 | FL73: 0 | FM73: 58424 | FN73: 0 | FO73: 9 | FP73: 644 | FQ73: 72864 | FR73: 0 | FS73: 3727524 | FT73: 4204 | FU73: 0 | FV73: 0 | FW73: 0 | FX73: 0 | FY73: 0 | FZ73: 0 | GA73: 17930 | GB73: 1.0726782e+08
A74: fdip_BTBX | C74: 1.14987 | D74: 50000003 | E74: 43483368 | F74: 144129 | G74: 90803 | H74: 196794 | I74: 95251 | J74: 28790 | K74: 216669 | L74: 35723 | M74: 186181 | N74: 1246583 | O74: 0 | P74: 28 | Q74: 1826459 | R74: 424647 | S74: 397491 | T74: 420602 | U74: 464658 | V74: 249806 | W74: 215972 | X74: 124782 | Y74: 31407 | Z74: 54504 | AA74: 10236 | AB74: 45625 | AC74: 30370 | AD74: 46211 | AE74: 74196 | AF74: 138741 | AG74: 170978 | AH74: 308865 | AI74: 509237 | AJ74: 76654 | AK74: 25277 | AL74: 13474 | AM74: 8354 | AN74: 9304 | AO74: 61 | AP74: 4180 | AQ74: 0 | AR74: 0 | AS74: 0 | AT74: 0 | AU74: 0 | AV74: 0 | AW74: 0 | AX74: 0 | AY74: 0 | AZ74: 0 | BA74: 0 | BB74: 0 | BC74: 0 | BD74: 0 | BE74: 0 | BF74: 0 | BG74: 0 | BH74: 0 | BI74: 0 | BJ74: 0 | BK74: 0 | BL74: 0 | BM74: 0 | BN74: 0 | BO74: 0 | BP74: 0 | BQ74: 0 | BR74: 0 | BS74: 0 | BT74: 0 | BU74: 0 | BV74: 0 | BW74: 0 | BX74: 0 | BY74: 5 | BZ74: 0 | CA74: 0 | CB74: 431013 | CC74: 1246583 | CD74: 27 | CE74: 438813 | CF74: 645006 | CG74: 932453 | CH74: 350199 | CI74: 379320 | CJ74: 551712 | CK74: 307773 | CL74: 262564 | CM74: 166551 | CN74: 77429 | CO74: 31307 | CP74: 66180 | CQ74: 15501 | CR74: 76667 | CS74: 29590 | CT74: 33113 | CU74: 143530 | CV74: 268947 | CW74: 449227 | CX74: 323005 | CY74: 39793 | CZ74: 71513 | DA74: 0 | DB74: 17658 | DC74: 0 | DD74: 4241 | DE74: 0 | DF74: 0 | DG74: 0 | DH74: 0 | DI74: 0 | DJ74: 0 | DK74: 0 | DL74: 0 | DM74: 0 | DN74: 0 | DO74: 0 | DP74: 0 | DQ74: 0 | DR74: 0 | DS74: 0 | DT74: 0 | DU74: 0 | DV74: 0 | DW74: 0 | DX74: 0 | DY74: 0 | DZ74: 0 | EA74: 0 | EB74: 0 | EC74: 0 | ED74: 0 | EE74: 0 | EF74: 0 | EG74: 0 | EH74: 0 | EI74: 0 | EJ74: 0 | EK74: 0 | EL74: 0 | EM74: 5 | EN74: 0 | EO74: 0 | EP74: 0 | EQ74: 851328 | ER74: 350109 | ES74: 543235 | ET74: 168950 | EU74: 496166 | EV74: 221037 | EW74: 2169 | EX74: 616899 | EY74: 153239 | EZ74: 6449 | FA74: 14600 | FB74: 444 | FC74: 1644 | FD74: 1225 | FE74: 2181 | FF74: 221 | FG74: 28358 | FH74: 226648 | FI74: 176007 | FJ74: 222648 | FK74: 0 | FL74: 0 | FM74: 58424 | FN74: 0 | FO74: 9 | FP74: 644 | FQ74: 163571 | FR74: 0 | FS74: 40730391 | FT74: 4204 | FU74: 0 | FV74: 0 | FW74: 0 | FX74: 0 | FY74: 0 | FZ74: 0 | GA74: 17930 | GB74: 1.5382487e+08
A75: fdip_convBTB | C75: 1.13147 | D75: 50000003 | E75: 44190276 | F75: 144307 | G75: 90804 | H75: 206065 | I75: 101951 | J75: 32637 | K75: 252473 | L75: 37172 | M75: 209829 | N75: 1246583 | O75: 0 | P75: 28 | Q75: 1826459 | R75: 424647 | S75: 397491 | T75: 420602 | U75: 464658 | V75: 249806 | W75: 215972 | X75: 124782 | Y75: 31407 | Z75: 54504 | AA75: 10236 | AB75: 45625 | AC75: 30370 | AD75: 46211 | AE75: 74196 | AF75: 138741 | AG75: 170978 | AH75: 308865 | AI75: 509237 | AJ75: 76654 | AK75: 25277 | AL75: 13474 | AM75: 8354 | AN75: 9304 | AO75: 61 | AP75: 4180 | AQ75: 0 | AR75: 0 | AS75: 0 | AT75: 0 | AU75: 0 | AV75: 0 | AW75: 0 | AX75: 0 | AY75: 0 | AZ75: 0 | BA75: 0 | BB75: 0 | BC75: 0 | BD75: 0 | BE75: 0 | BF75: 0 | BG75: 0 | BH75: 0 | BI75: 0 | BJ75: 0 | BK75: 0 | BL75: 0 | BM75: 0 | BN75: 0 | BO75: 0 | BP75: 0 | BQ75: 0 | BR75: 0 | BS75: 0 | BT75: 0 | BU75: 0 | BV75: 0 | BW75: 0 | BX75: 0 | BY75: 5 | BZ75: 0 | CA75: 0 | CB75: 459272 | CC75: 1246583 | CD75: 27 | CE75: 438813 | CF75: 645006 | CG75: 932453 | CH75: 350199 | CI75: 379320 | CJ75: 551712 | CK75: 307773 | CL75: 262564 | CM75: 166551 | CN75: 77429 | CO75: 31307 | CP75: 66180 | CQ75: 15501 | CR75: 76667 | CS75: 29590 | CT75: 33113 | CU75: 143530 | CV75: 268947 | CW75: 449227 | CX75: 323005 | CY75: 39793 | CZ75: 71513 | DA75: 0 | DB75: 17658 | DC75: 0 | DD75: 4241 | DE75: 0 | DF75: 0 | DG75: 0 | DH75: 0 | DI75: 0 | DJ75: 0 | DK75: 0 | DL75: 0 | DM75: 0 | DN75: 0 | DO75: 0 | DP75: 0 | DQ75: 0 | DR75: 0 | DS75: 0 | DT75: 0 | DU75: 0 | DV75: 0 | DW75: 0 | DX75: 0 | DY75: 0 | DZ75: 0 | EA75: 0 | EB75: 0 | EC75: 0 | ED75: 0 | EE75: 0 | EF75: 0 | EG75: 0 | EH75: 0 | EI75: 0 | EJ75: 0 | EK75: 0 | EL75: 0 | EM75: 5 | EN75: 0 | EO75: 0 | EP75: 0 | EQ75: 842042 | ER75: 343022 | ES75: 538412 | ET75: 166656 | EU75: 494042 | EV75: 219861 | EW75: 2204 | EX75: 612957 | EY75: 162525 | EZ75: 11575 | FA75: 18453 | FB75: 3375 | FC75: 3380 | FD75: 3383 | FE75: 3846 | FF75: 4163 | FG75: 27350 | FH75: 236511 | FI75: 195411 | FJ75: 221218 | FK75: 0 | FL75: 0 | FM75: 58364 | FN75: 0 | FO75: 4 | FP75: 646 | FQ75: 162204 | FR75: 0 | FS75: 43264896 | FT75: 4531228 | FU75: 0 | FV75: 0 | FW75: 0 | FX75: 0 | FY75: 0 | FZ75: 0 | GA75: 17930 | GB75: 1.6172786e+08
A76: fdip_pdede | C76: 1.14887 | D76: 50000003 | E76: 43521098 | F76: 144200 | G76: 90791 | H76: 188935 | I76: 99130 | J76: 27855 | K76: 219645 | L76: 36348 | M76: 185070 | N76: 1246583 | O76: 0 | P76: 28 | Q76: 1826459 | R76: 424647 | S76: 397491 | T76: 420602 | U76: 464658 | V76: 249806 | W76: 215972 | X76: 124782 | Y76: 31407 | Z76: 54504 | AA76: 10236 | AB76: 45625 | AC76: 30370 | AD76: 46211 | AE76: 74196 | AF76: 138741 | AG76: 170978 | AH76: 308865 | AI76: 509237 | AJ76: 76654 | AK76: 25277 | AL76: 13474 | AM76: 8354 | AN76: 9304 | AO76: 61 | AP76: 4180 | AQ76: 0 | AR76: 0 | AS76: 0 | AT76: 0 | AU76: 0 | AV76: 0 | AW76: 0 | AX76: 0 | AY76: 0 | AZ76: 0 | BA76: 0 | BB76: 0 | BC76: 0 | BD76: 0 | BE76: 0 | BF76: 0 | BG76: 0 | BH76: 0 | BI76: 0 | BJ76: 0 | BK76: 0 | BL76: 0 | BM76: 0 | BN76: 0 | BO76: 0 | BP76: 0 | BQ76: 0 | BR76: 0 | BS76: 0 | BT76: 0 | BU76: 0 | BV76: 0 | BW76: 0 | BX76: 0 | BY76: 5 | BZ76: 0 | CA76: 0 | CB76: 426790 | CC76: 1246583 | CD76: 27 | CE76: 438813 | CF76: 645006 | CG76: 932453 | CH76: 350199 | CI76: 379320 | CJ76: 551712 | CK76: 307773 | CL76: 262564 | CM76: 166551 | CN76: 77429 | CO76: 31307 | CP76: 66180 | CQ76: 15501 | CR76: 76667 | CS76: 29590 | CT76: 33113 | CU76: 143530 | CV76: 268947 | CW76: 449227 | CX76: 323005 | CY76: 39793 | CZ76: 71513 | DA76: 0 | DB76: 17658 | DC76: 0 | DD76: 4241 | DE76: 0 | DF76: 0 | DG76: 0 | DH76: 0 | DI76: 0 | DJ76: 0 | DK76: 0 | DL76: 0 | DM76: 0 | DN76: 0 | DO76: 0 | DP76: 0 | DQ76: 0 | DR76: 0 | DS76: 0 | DT76: 0 | DU76: 0 | DV76: 0 | DW76: 0 | DX76: 0 | DY76: 0 | DZ76: 0 | EA76: 0 | EB76: 0 | EC76: 0 | ED76: 0 | EE76: 0 | EF76: 0 | EG76: 0 | EH76: 0 | EI76: 0 | EJ76: 0 | EK76: 0 | EL76: 0 | EM76: 5 | EN76: 0 | EO76: 0 | EP76: 0 | EQ76: 850478 | ER76: 350776 | ES76: 542825 | ET76: 168748 | EU76: 496784 | EV76: 221664 | EW76: 2209 | EX76: 616515 | EY76: 154089 | EZ76: 5629 | FA76: 14905 | FB76: 702 | FC76: 1827 | FD76: 1048 | FE76: 1092 | FF76: 605 | FG76: 28294 | FH76: 222200 | FI76: 176296 | FJ76: 218595 | FK76: 0 | FL76: 0 | FM76: 58421 | FN76: 0 | FO76: 6 | FP76: 658 | FQ76: 159510 | FR76: 0 | FS76: 38039632 | FT76: 5406 | FU76: 1552934 | FV76: 19 | FW76: 2421 | FX76: 1552934 | FY76: 0 | FZ76: 2421 | GA76: 17930 | GB76: 1.5426485e+08
A77: no_convBTB | C77: 1.01841 | D77: 50000000 | E77: 49095926 | F77: 148373 | G77: 91028 | H77: 0 | I77: 0 | J77: 25538 | K77: 150320 | L77: 43738 | M77: 169930 | CB77: 337610 | EQ77: 864882 | ER77: 351333 | ES77: 539880 | ET77: 166730 | EU77: 494173 | EV77: 219861 | EW77: 2204 | EX77: 613000 | EY77: 139686 | EZ77: 3387 | FA77: 16978 | FB77: 3261 | FC77: 3306 | FD77: 3255 | FE77: 3846 | FF77: 4121 | FG77: 27656 | FH77: 146921 | FI77: 163033 | FJ77: 132110 | FK77: 0 | FL77: 0 | FM77: 58364 | FN77: 0 | FO77: 4 | FP77: 646 | FQ77: 73096 | FR77: 0 | FS77: 4094700 | FT77: 4531246 | FU77: 0 | FV77: 0 | FW77: 0 | FX77: 0 | FY77: 0 | FZ77: 0 | GA77: 17930 | GB77: 1.1273807e+08
A78: no_pdede | C78: 1.02581 | D78: 50000000 | E78: 48741902 | F78: 148450 | G78: 91022 | H78: 0 | I78: 0 | J78: 25494 | K78: 150429 | L78: 43672 | M78: 170912 | CB78: 307963 | EQ78: 876005 | ER78: 355533 | ES78: 544969 | ET78: 168826 | EU78: 496785 | EV78: 221655 | EW78: 2209 | EX78: 616477 | EY78: 128563 | EZ78: 992 | FA78: 12795 | FB78: 550 | FC78: 1756 | FD78: 1033 | FE78: 1110 | FF78: 644 | FG78: 28565 | FH78: 135281 | FI78: 144117 | FJ78: 131951 | FK78: 0 | FL78: 0 | FM78: 58421 | FN78: 0 | FO78: 6 | FP78: 658 | FQ78: 72866 | FR78: 0 | FS78: 3736038 | FT78: 5393 | FU78: 900818 | FV78: 19 | FW78: 2425 | FX78: 900818 | FY78: 0 | FZ78: 2425 | GA78: 17930 | GB78: 1.0924748e+08
A79: server_001 Total | C79: 6.50363 | D79: 300000009 | E79: 277613898 | F79: 877750 | G79: 545471 | H79: 591794 | I79: 296332 | J79: 166125 | K79: 1139746 | L79: 240199 | M79: 1091572 | N79: 3739749 | O79: 0 | P79: 84 | Q79: 5479377 | R79: 1273941 | S79: 1192473 | T79: 1261806 | U79: 1393974 | V79: 749418 | W79: 647916 | X79: 374346 | Y79: 94221 | Z79: 163512 | AA79: 30708 | AB79: 136875 | AC79: 91110 | AD79: 138633 | AE79: 222588 | AF79: 416223 | AG79: 512934 | AH79: 926595 | AI79: 1527711 | AJ79: 229962 | AK79: 75831 | AL79: 40422 | AM79: 25062 | AN79: 27912 | AO79: 183 | AP79: 12540 | AQ79: 0 | AR79: 0 | AS79: 0 | AT79: 0 | AU79: 0 | AV79: 0 | AW79: 0 | AX79: 0 | AY79: 0 | AZ79: 0 | BA79: 0 | BB79: 0 | BC79: 0 | BD79: 0 | BE79: 0 | BF79: 0 | BG79: 0 | BH79: 0 | BI79: 0 | BJ79: 0 | BK79: 0 | BL79: 0 | BM79: 0 | BN79: 0 | BO79: 0 | BP79: 0 | BQ79: 0 | BR79: 0 | BS79: 0 | BT79: 0 | BU79: 0 | BV79: 0 | BW79: 0 | BX79: 0 | BY79: 15 | BZ79: 0 | CA79: 0 | CB79: 2269904 | CC79: 3739749 | CD79: 81 | CE79: 1316439 | CF79: 1935018 | CG79: 2797359 | CH79: 1050597 | CI79: 1137960 | CJ79: 1655136 | CK79: 923319 | CL79: 787692 | CM79: 499653 | CN79: 232287 | CO79: 93921 | CP79: 198540 | CQ79: 46503 | CR79: 230001 | CS79: 88770 | CT79: 99339 | CU79: 430590 | CV79: 806841 | CW79: 1347681 | CX79: 969015 | CY79: 119379 | CZ79: 214539 | DA79: 0 | DB79: 52974 | DC79: 0 | DD79: 12723 | DE79: 0 | DF79: 0 | DG79: 0 | DH79: 0 | DI79: 0 | DJ79: 0 | DK79: 0 | DL79: 0 | DM79: 0 | DN79: 0 | DO79: 0 | DP79: 0 | DQ79: 0 | DR79: 0 | DS79: 0 | DT79: 0 | DU79: 0 | DV79: 0 | DW79: 0 | DX79: 0 | DY79: 0 | DZ79: 0 | EA79: 0 | EB79: 0 | EC79: 0 | ED79: 0 | EE79: 0 | EF79: 0 | EG79: 0 | EH79: 0 | EI79: 0 | EJ79: 0 | EK79: 0 | EL79: 0 | EM79: 15 | EN79: 0 | EO79: 0 | EP79: 0 | EQ79: 5161301 | ER79: 2106622 | ES79: 3254663 | ET79: 1008927 | EU79: 2974256 | EV79: 1325115 | EW79: 13164 | EX79: 3692766 | EY79: 866104 | EZ79: 28854 | FA79: 90234 | FB79: 8655 | FC79: 13490 | FD79: 11032 | FE79: 14256 | FF79: 9957 | FG79: 168835 | FH79: 1103049 | FI79: 998020 | FJ79: 1058463 | FK79: 0 | FL79: 0 | FM79: 350418 | FN79: 0 | FO79: 38 | FP79: 3896 | FQ79: 704111 | FR79: 0 | FS79: 133593181 | FT79: 9081681 | FU79: 2453752 | FV79: 38 | FW79: 4846 | FX79: 2453752 | FY79: 0 | FZ79: 4846 | GA79: 107580 | GB79: 7.9907095e+08
A80: server_002
A81: no_BTBX | C81: 0.936276 | D81: 50000002 | E81: 53403082 | F81: 92 | G81: 231 | H81: 0 | I81: 0 | J81: 14 | K81: 95 | L81: 7 | M81: 121 | CB81: 98876 | EQ81: 446331 | ER81: 1182567 | ES81: 838039 | ET81: 645713 | EU81: 577561 | EV81: 308987 | EW81: 0 | EX81: 1290623 | EY81: 10 | EZ81: 1 | FA81: 4 | FB81: 7 | FC81: 1 | FD81: 5 | FE81: 2 | FF81: 2 | FG81: 10028 | FH81: 88828 | FI81: 20 | FJ81: 88816 | FK81: 0 | FL81: 0 | FM81: 0 | FN81: 0 | FO81: 0 | FP81: 17656 | FQ81: 71160 | FR81: 0 | FS81: 1187786 | FT81: 27 | FU81: 0 | FV81: 0 | FW81: 0 | FX81: 0 | FY81: 0 | FZ81: 0 | GA81: 1761 | GB81: 1.1025846e+08
A82: fdip_BTBX | C82: 0.951303 | D82: 50000002 | E82: 52559513 | F82: 90 | G82: 230 | H82: 227071 | I82: 246238 | J82: 89 | K82: 140 | L82: 7 | M82: 228 | N82: 2564871 | O82: 0 | P82: 11 | Q82: 220491 | R82: 767554 | S82: 946897 | T82: 1559956 | U82: 717877 | V82: 576975 | W82: 462728 | X82: 388131 | Y82: 467668 | Z82: 123025 | AA82: 37419 | AB82: 275231 | AC82: 279873 | AD82: 183356 | AE82: 2236 | AF82: 107172 | AG82: 2218 | AH82: 266237 | AI82: 179955 | AJ82: 43 | AK82: 434457 | AL82: 0 | AM82: 0 | AN82: 0 | AO82: 0 | AP82: 0 | AQ82: 0 | AR82: 0 | AS82: 0 | AT82: 0 | AU82: 0 | AV82: 0 | AW82: 0 | AX82: 0 | AY82: 0 | AZ82: 0 | BA82: 0 | BB82: 0 | BC82: 0 | BD82: 0 | BE82: 0 | BF82: 0 | BG82: 0 | BH82: 0 | BI82: 2149 | BJ82: 0 | BK82: 0 | BL82: 0 | BM82: 0 | BN82: 0 | BO82: 0 | BP82: 0 | BQ82: 0 | BR82: 0 | BS82: 0 | BT82: 0 | BU82: 0 | BV82: 0 | BW82: 0 | BX82: 0 | BY82: 0 | BZ82: 0 | CA82: 0 | CB82: 203198 | CC82: 2564871 | CD82: 0 | CE82: 107326 | CF82: 280611 | CG82: 532878 | CH82: 1422748 | CI82: 940143 | CJ82: 623435 | CK82: 584070 | CL82: 463197 | CM82: 581815 | CN82: 449206 | CO82: 175821 | CP82: 73117 | CQ82: 175071 | CR82: 89574 | CS82: 161391 | CT82: 2294 | CU82: 72063 | CV82: 471040 | CW82: 180917 | CX82: 178318 | CY82: 434475 | CZ82: 0 | DA82: 0 | DB82: 0 | DC82: 0 | DD82: 0 | DE82: 0 | DF82: 0 | DG82: 0 | DH82: 0 | DI82: 0 | DJ82: 0 | DK82: 0 | DL82: 0 | DM82: 0 | DN82: 0 | DO82: 0 | DP82: 0 | DQ82: 0 | DR82: 0 | DS82: 0 | DT82: 0 | DU82: 0 | DV82: 0 | DW82: 2149 | DX82: 0 | DY82: 0 | DZ82: 0 | EA82: 0 | EB82: 0 | EC82: 0 | ED82: 0 | EE82: 0 | EF82: 0 | EG82: 0 | EH82: 0 | EI82: 0 | EJ82: 0 | EK82: 0 | EL82: 0 | EM82: 0 | EN82: 0 | EO82: 0 | EP82: 0 | EQ82: 446323 | ER82: 1099925 | ES82: 838037 | ET82: 645713 | EU82: 577560 | EV82: 308985 | EW82: 0 | EX82: 1290617 | EY82: 16 | EZ82: 82641 | FA82: 4 | FB82: 7 | FC82: 1 | FD82: 5 | FE82: 2 | FF82: 4 | FG82: 10028 | FH82: 110504 | FI82: 82666 | FJ82: 110490 | FK82: 0 | FL82: 0 | FM82: 0 | FN82: 0 | FO82: 0 | FP82: 17656 | FQ82: 92834 | FR82: 0 | FS82: 19353072 | FT82: 27 | FU82: 0 | FV82: 0 | FW82: 0 | FX82: 0 | FY82: 0 | FZ82: 0 | GA82: 1761 | GB82: 1.4943874e+08
A83: fdip_convBTB | C83: 0.950965 | D83: 50000002 | E83: 52578161 | F83: 89 | G83: 229 | H83: 222028 | I83: 240409 | J83: 90 | K83: 146 | L83: 9 | M83: 187 | N83: 2564871 | O83: 0 | P83: 11 | Q83: 220491 | R83: 767554 | S83: 946897 | T83: 1559956 | U83: 717877 | V83: 576975 | W83: 462728 | X83: 388131 | Y83: 467668 | Z83: 123025 | AA83: 37419 | AB83: 275231 | AC83: 279873 | AD83: 183356 | AE83: 2236 | AF83: 107172 | AG83: 2218 | AH83: 266237 | AI83: 179955 | AJ83: 43 | AK83: 434457 | AL83: 0 | AM83: 0 | AN83: 0 | AO83: 0 | AP83: 0 | AQ83: 0 | AR83: 0 | AS83: 0 | AT83: 0 | AU83: 0 | AV83: 0 | AW83: 0 | AX83: 0 | AY83: 0 | AZ83: 0 | BA83: 0 | BB83: 0 | BC83: 0 | BD83: 0 | BE83: 0 | BF83: 0 | BG83: 0 | BH83: 0 | BI83: 2149 | BJ83: 0 | BK83: 0 | BL83: 0 | BM83: 0 | BN83: 0 | BO83: 0 | BP83: 0 | BQ83: 0 | BR83: 0 | BS83: 0 | BT83: 0 | BU83: 0 | BV83: 0 | BW83: 0 | BX83: 0 | BY83: 0 | BZ83: 0 | CA83: 0 | CB83: 204851 | CC83: 2564871 | CD83: 0 | CE83: 107326 | CF83: 280611 | CG83: 532878 | CH83: 1422748 | CI83: 940143 | CJ83: 623435 | CK83: 584070 | CL83: 463197 | CM83: 581815 | CN83: 449206 | CO83: 175821 | CP83: 73117 | CQ83: 175071 | CR83: 89574 | CS83: 161391 | CT83: 2294 | CU83: 72063 | CV83: 471040 | CW83: 180917 | CX83: 178318 | CY83: 434475 | CZ83: 0 | DA83: 0 | DB83: 0 | DC83: 0 | DD83: 0 | DE83: 0 | DF83: 0 | DG83: 0 | DH83: 0 | DI83: 0 | DJ83: 0 | DK83: 0 | DL83: 0 | DM83: 0 | DN83: 0 | DO83: 0 | DP83: 0 | DQ83: 0 | DR83: 0 | DS83: 0 | DT83: 0 | DU83: 0 | DV83: 0 | DW83: 2149 | DX83: 0 | DY83: 0 | DZ83: 0 | EA83: 0 | EB83: 0 | EC83: 0 | ED83: 0 | EE83: 0 | EF83: 0 | EG83: 0 | EH83: 0 | EI83: 0 | EJ83: 0 | EK83: 0 | EL83: 0 | EM83: 0 | EN83: 0 | EO83: 0 | EP83: 0 | EQ83: 446320 | ER83: 1098272 | ES83: 838035 | ET83: 645711 | EU83: 577560 | EV83: 308985 | EW83: 0 | EX83: 1290617 | EY83: 19 | EZ83: 84291 | FA83: 8 | FB83: 8 | FC83: 4 | FD83: 4 | FE83: 2 | FF83: 4 | FG83: 10022 | FH83: 110503 | FI83: 84326 | FJ83: 110489 | FK83: 0 | FL83: 0 | FM83: 0 | FN83: 0 | FO83: 0 | FP83: 17656 | FQ83: 92833 | FR83: 0 | FS83: 19427091 | FT83: 2383525 | FU83: 0 | FV83: 0 | FW83: 0 | FX83: 0 | FY83: 0 | FZ83: 0 | GA83: 1761 | GB83: 1.5190731e+08
A84: fdip_pdede | C84: 0.950686 | D84: 50000002 | E84: 52593606 | F84: 88 | G84: 231 | H84: 226241 | I84: 228027 | J84: 82 | K84: 151 | L84: 8 | M84: 252 | N84: 2564871 | O84: 0 | P84: 11 | Q84: 220491 | R84: 767554 | S84: 946897 | T84: 1559956 | U84: 717877 | V84: 576975 | W84: 462728 | X84: 388131 | Y84: 467668 | Z84: 123025 | AA84: 37419 | AB84: 275231 | AC84: 279873 | AD84: 183356 | AE84: 2236 | AF84: 107172 | AG84: 2218 | AH84: 266237 | AI84: 179955 | AJ84: 43 | AK84: 434457 | AL84: 0 | AM84: 0 | AN84: 0 | AO84: 0 | AP84: 0 | AQ84: 0 | AR84: 0 | AS84: 0 | AT84: 0 | AU84: 0 | AV84: 0 | AW84: 0 | AX84: 0 | AY84: 0 | AZ84: 0 | BA84: 0 | BB84: 0 | BC84: 0 | BD84: 0 | BE84: 0 | BF84: 0 | BG84: 0 | BH84: 0 | BI84: 2149 | BJ84: 0 | BK84: 0 | BL84: 0 | BM84: 0 | BN84: 0 | BO84: 0 | BP84: 0 | BQ84: 0 | BR84: 0 | BS84: 0 | BT84: 0 | BU84: 0 | BV84: 0 | BW84: 0 | BX84: 0 | BY84: 0 | BZ84: 0 | CA84: 0 | CB84: 250338 | CC84: 2564871 | CD84: 0 | CE84: 107326 | CF84: 280611 | CG84: 532878 | CH84: 1422748 | CI84: 940143 | CJ84: 623435 | CK84: 584070 | CL84: 463197 | CM84: 581815 | CN84: 449206 | CO84: 175821 | CP84: 73117 | CQ84: 175071 | CR84: 89574 | CS84: 161391 | CT84: 2294 | CU84: 72063 | CV84: 471040 | CW84: 180917 | CX84: 178318 | CY84: 434475 | CZ84: 0 | DA84: 0 | DB84: 0 | DC84: 0 | DD84: 0 | DE84: 0 | DF84: 0 | DG84: 0 | DH84: 0 | DI84: 0 | DJ84: 0 | DK84: 0 | DL84: 0 | DM84: 0 | DN84: 0 | DO84: 0 | DP84: 0 | DQ84: 0 | DR84: 0 | DS84: 0 | DT84: 0 | DU84: 0 | DV84: 0 | DW84: 2149 | DX84: 0 | DY84: 0 | DZ84: 0 | EA84: 0 | EB84: 0 | EC84: 0 | ED84: 0 | EE84: 0 | EF84: 0 | EG84: 0 | EH84: 0 | EI84: 0 | EJ84: 0 | EK84: 0 | EL84: 0 | EM84: 0 | EN84: 0 | EO84: 0 | EP84: 0 | EQ84: 446321 | ER84: 1052785 | ES84: 838036 | ET84: 645713 | EU84: 577560 | EV84: 308985 | EW84: 0 | EX84: 1290619 | EY84: 18 | EZ84: 129781 | FA84: 4 | FB84: 8 | FC84: 2 | FD84: 4 | FE84: 2 | FF84: 2 | FG84: 10028 | FH84: 110500 | FI84: 129810 | FJ84: 110489 | FK84: 0 | FL84: 0 | FM84: 0 | FN84: 0 | FO84: 0 | FP84: 17656 | FQ84: 92833 | FR84: 0 | FS84: 22269979 | FT84: 30 | FU84: 1617927 | FV84: 0 | FW84: 7 | FX84: 1617927 | FY84: 0 | FZ84: 7 | GA84: 1761 | GB84: 1.5570088e+08
A85: no_convBTB | C85: 0.936276 | D85: 50000002 | E85: 53403034 | F85: 91 | G85: 231 | H85: 0 | I85: 0 | J85: 14 | K85: 95 | L85: 9 | M85: 140 | CB85: 98881 | EQ85: 446329 | ER85: 1182566 | ES85: 838037 | ET85: 645711 | EU85: 577561 | EV85: 308987 | EW85: 0 | EX85: 1290623 | EY85: 12 | EZ85: 1 | FA85: 6 | FB85: 8 | FC85: 4 | FD85: 4 | FE85: 2 | FF85: 2 | FG85: 10026 | FH85: 88828 | FI85: 27 | FJ85: 88816 | FK85: 0 | FL85: 0 | FM85: 0 | FN85: 0 | FO85: 0 | FP85: 17656 | FQ85: 71160 | FR85: 0 | FS85: 1187870 | FT85: 2383532 | FU85: 0 | FV85: 0 | FW85: 0 | FX85: 0 | FY85: 0 | FZ85: 0 | GA85: 1761 | GB85: 1.1264203e+08
A86: no_pdede | C86: 0.935776 | D86: 50000002 | E86: 53431589 | F86: 91 | G86: 231 | H86: 0 | I86: 0 | J86: 13 | K86: 90 | L86: 13 | M86: 136 | CB86: 98879 | EQ86: 446329 | ER86: 1182567 | ES86: 838038 | ET86: 645713 | EU86: 577561 | EV86: 308987 | EW86: 0 | EX86: 1290623 | EY86: 12 | EZ86: 1 | FA86: 4 | FB86: 8 | FC86: 2 | FD86: 4 | FE86: 2 | FF86: 2 | FG86: 10028 | FH86: 88827 | FI86: 24 | FJ86: 88816 | FK86: 0 | FL86: 0 | FM86: 0 | FN86: 0 | FO86: 0 | FP86: 17656 | FQ86: 71160 | FR86: 0 | FS86: 1187822 | FT86: 30 | FU86: 1330599 | FV86: 0 | FW86: 7 | FX86: 1330599 | FY86: 0 | FZ86: 7 | GA86: 1761 | GB86: 1.1294823e+08
A87: server_002 Total | C87: 5.661282 | D87: 300000012 | E87: 317968985 | F87: 541 | G87: 1383 | H87: 675340 | I87: 714674 | J87: 302 | K87: 717 | L87: 53 | M87: 1064 | N87: 7694613 | O87: 0 | P87: 33 | Q87: 661473 | R87: 2302662 | S87: 2840691 | T87: 4679868 | U87: 2153631 | V87: 1730925 | W87: 1388184 | X87: 1164393 | Y87: 1403004 | Z87: 369075 | AA87: 112257 | AB87: 825693 | AC87: 839619 | AD87: 550068 | AE87: 6708 | AF87: 321516 | AG87: 6654 | AH87: 798711 | AI87: 539865 | AJ87: 129 | AK87: 1303371 | AL87: 0 | AM87: 0 | AN87: 0 | AO87: 0 | AP87: 0 | AQ87: 0 | AR87: 0 | AS87: 0 | AT87: 0 | AU87: 0 | AV87: 0 | AW87: 0 | AX87: 0 | AY87: 0 | AZ87: 0 | BA87: 0 | BB87: 0 | BC87: 0 | BD87: 0 | BE87: 0 | BF87: 0 | BG87: 0 | BH87: 0 | BI87: 6447 | BJ87: 0 | BK87: 0 | BL87: 0 | BM87: 0 | BN87: 0 | BO87: 0 | BP87: 0 | BQ87: 0 | BR87: 0 | BS87: 0 | BT87: 0 | BU87: 0 | BV87: 0 | BW87: 0 | BX87: 0 | BY87: 0 | BZ87: 0 | CA87: 0 | CB87: 955023 | CC87: 7694613 | CD87: 0 | CE87: 321978 | CF87: 841833 | CG87: 1598634 | CH87: 4268244 | CI87: 2820429 | CJ87: 1870305 | CK87: 1752210 | CL87: 1389591 | CM87: 1745445 | CN87: 1347618 | CO87: 527463 | CP87: 219351 | CQ87: 525213 | CR87: 268722 | CS87: 484173 | CT87: 6882 | CU87: 216189 | CV87: 1413120 | CW87: 542751 | CX87: 534954 | CY87: 1303425 | CZ87: 0 | DA87: 0 | DB87: 0 | DC87: 0 | DD87: 0 | DE87: 0 | DF87: 0 | DG87: 0 | DH87: 0 | DI87: 0 | DJ87: 0 | DK87: 0 | DL87: 0 | DM87: 0 | DN87: 0 | DO87: 0 | DP87: 0 | DQ87: 0 | DR87: 0 | DS87: 0 | DT87: 0 | DU87: 0 | DV87: 0 | DW87: 6447 | DX87: 0 | DY87: 0 | DZ87: 0 | EA87: 0 | EB87: 0 | EC87: 0 | ED87: 0 | EE87: 0 | EF87: 0 | EG87: 0 | EH87: 0 | EI87: 0 | EJ87: 0 | EK87: 0 | EL87: 0 | EM87: 0 | EN87: 0 | EO87: 0 | EP87: 0 | EQ87: 2677953 | ER87: 6798682 | ES87: 5028222 | ET87: 3874274 | EU87: 3465363 | EV87: 1853916 | EW87: 0 | EX87: 7743722 | EY87: 87 | EZ87: 296716 | FA87: 30 | FB87: 46 | FC87: 14 | FD87: 26 | FE87: 12 | FF87: 16 | FG87: 60160 | FH87: 597990 | FI87: 296873 | FJ87: 597916 | FK87: 0 | FL87: 0 | FM87: 0 | FN87: 0 | FO87: 0 | FP87: 105936 | FQ87: 491980 | FR87: 0 | FS87: 64613620 | FT87: 4767171 | FU87: 2948526 | FV87: 0 | FW87: 14 | FX87: 2948526 | FY87: 0 | FZ87: 14 | GA87: 10566 | GB87: 7.9289565e+08
A88: server_003
A89: fdip_BTBX | C89: 0.830667 | D89: 50000002 | E89: 60192591 | F89: 161399 | G89: 338597 | H89: 401372 | I89: 161051 | J89: 53353 | K89: 548425 | L89: 41967 | M89: 242988 | N89: 2059668 | O89: 0 | P89: 2439 | Q89: 779776 | R89: 967507 | S89: 909629 | T89: 971915 | U89: 833408 | V89: 581820 | W89: 435143 | X89: 217454 | Y89: 118091 | Z89: 89627 | AA89: 79117 | AB89: 124906 | AC89: 106714 | AD89: 60306 | AE89: 51871 | AF89: 118759 | AG89: 149159 | AH89: 234495 | AI89: 349441 | AJ89: 416955 | AK89: 86062 | AL89: 109867 | AM89: 49842 | AN89: 13737 | AO89: 281 | AP89: 14360 | AQ89: 0 | AR89: 0 | AS89: 0 | AT89: 0 | AU89: 0 | AV89: 0 | AW89: 0 | AX89: 0 | AY89: 0 | AZ89: 0 | BA89: 0 | BB89: 0 | BC89: 0 | BD89: 0 | BE89: 0 | BF89: 0 | BG89: 0 | BH89: 0 | BI89: 0 | BJ89: 0 | BK89: 0 | BL89: 0 | BM89: 0 | BN89: 0 | BO89: 0 | BP89: 0 | BQ89: 0 | BR89: 0 | BS89: 0 | BT89: 0 | BU89: 0 | BV89: 0 | BW89: 0 | BX89: 0 | BY89: 24 | BZ89: 0 | CA89: 0 | CB89: 975398 | CC89: 2059668 | CD89: 1759 | CE89: 278787 | CF89: 544538 | CG89: 786382 | CH89: 824451 | CI89: 832623 | CJ89: 795993 | CK89: 596669 | CL89: 589771 | CM89: 208391 | CN89: 126403 | CO89: 200706 | CP89: 135709 | CQ89: 89526 | CR89: 72713 | CS89: 187938 | CT89: 51629 | CU89: 99919 | CV89: 214569 | CW89: 205648 | CX89: 138231 | CY89: 129166 | CZ89: 682940 | DA89: 0 | DB89: 63579 | DC89: 0 | DD89: 14641 | DE89: 0 | DF89: 0 | DG89: 0 | DH89: 0 | DI89: 0 | DJ89: 0 | DK89: 0 | DL89: 0 | DM89: 0 | DN89: 0 | DO89: 0 | DP89: 0 | DQ89: 0 | DR89: 0 | DS89: 0 | DT89: 0 | DU89: 0 | DV89: 0 | DW89: 0 | DX89: 0 | DY89: 0 | DZ89: 0 | EA89: 0 | EB89: 0 | EC89: 0 | ED89: 0 | EE89: 0 | EF89: 0 | EG89: 0 | EH89: 0 | EI89: 0 | EJ89: 0 | EK89: 0 | EL89: 0 | EM89: 24 | EN89: 0 | EO89: 0 | EP89: 0 | EQ89: 702134 | ER89: 793636 | ES89: 988767 | ET89: 347839 | EU89: 439070 | EV89: 498606 | EW89: 5753 | EX89: 1022761 | EY89: 106895 | EZ89: 34033 | FA89: 52568 | FB89: 23234 | FC89: 6194 | FD89: 12861 | FE89: 21453 | FF89: 9980 | FG89: 273870 | FH89: 482657 | FI89: 218871 | FJ89: 434268 | FK89: 0 | FL89: 6 | FM89: 24078 | FN89: 0 | FO89: 8 | FP89: 139157 | FQ89: 271019 | FR89: 0 | FS89: 89508791 | FT89: 54620 | FU89: 0 | FV89: 0 | FW89: 0 | FX89: 0 | FY89: 0 | FZ89: 0 | GA89: 46193 | GB89: 2.2950121e+08
A90: fdip_convBTB | C90: 0.792559 | D90: 50000002 | E90: 63086820 | F90: 161986 | G90: 338635 | H90: 370055 | I90: 191875 | J90: 59831 | K90: 598327 | L90: 45973 | M90: 294585 | N90: 2059667 | O90: 0 | P90: 2439 | Q90: 779776 | R90: 967507 | S90: 909629 | T90: 971915 | U90: 833408 | V90: 581820 | W90: 435143 | X90: 217454 | Y90: 118091 | Z90: 89627 | AA90: 79117 | AB90: 124906 | AC90: 106714 | AD90: 60306 | AE90: 51871 | AF90: 118759 | AG90: 149159 | AH90: 234495 | AI90: 349441 | AJ90: 416955 | AK90: 86062 | AL90: 109867 | AM90: 49842 | AN90: 13737 | AO90: 281 | AP90: 14360 | AQ90: 0 | AR90: 0 | AS90: 0 | AT90: 0 | AU90: 0 | AV90: 0 | AW90: 0 | AX90: 0 | AY90: 0 | AZ90: 0 | BA90: 0 | BB90: 0 | BC90: 0 | BD90: 0 | BE90: 0 | BF90: 0 | BG90: 0 | BH90: 0 | BI90: 0 | BJ90: 0 | BK90: 0 | BL90: 0 | BM90: 0 | BN90: 0 | BO90: 0 | BP90: 0 | BQ90: 0 | BR90: 0 | BS90: 0 | BT90: 0 | BU90: 0 | BV90: 0 | BW90: 0 | BX90: 0 | BY90: 24 | BZ90: 0 | CA90: 0 | CB90: 1063506 | CC90: 2059667 | CD90: 1759 | CE90: 278787 | CF90: 544538 | CG90: 786382 | CH90: 824451 | CI90: 832623 | CJ90: 795993 | CK90: 596669 | CL90: 589771 | CM90: 208391 | CN90: 126403 | CO90: 200706 | CP90: 135709 | CQ90: 89526 | CR90: 72713 | CS90: 187938 | CT90: 51629 | CU90: 99919 | CV90: 214569 | CW90: 205648 | CX90: 138231 | CY90: 129166 | CZ90: 682940 | DA90: 0 | DB90: 63579 | DC90: 0 | DD90: 14641 | DE90: 0 | DF90: 0 | DG90: 0 | DH90: 0 | DI90: 0 | DJ90: 0 | DK90: 0 | DL90: 0 | DM90: 0 | DN90: 0 | DO90: 0 | DP90: 0 | DQ90: 0 | DR90: 0 | DS90: 0 | DT90: 0 | DU90: 0 | DV90: 0 | DW90: 0 | DX90: 0 | DY90: 0 | DZ90: 0 | EA90: 0 | EB90: 0 | EC90: 0 | ED90: 0 | EE90: 0 | EF90: 0 | EG90: 0 | EH90: 0 | EI90: 0 | EJ90: 0 | EK90: 0 | EL90: 0 | EM90: 24 | EN90: 0 | EO90: 0 | EP90: 0 | EQ90: 667223 | ER90: 772733 | ES90: 965665 | ET90: 337703 | EU90: 431189 | EV90: 495277 | EW90: 5920 | EX90: 1000497 | EY90: 141806 | EZ90: 45238 | FA90: 71753 | FB90: 36849 | FC90: 13622 | FD90: 22453 | FE90: 25612 | FF90: 32243 | FG90: 252652 | FH90: 519922 | FI90: 290932 | FJ90: 421251 | FK90: 0 | FL90: 7 | FM90: 23485 | FN90: 0 | FO90: 8 | FP90: 139079 | FQ90: 258672 | FR90: 0 | FS90: 98065039 | FT90: 3546990 | FU90: 0 | FV90: 0 | FW90: 0 | FX90: 0 | FY90: 0 | FZ90: 0 | GA90: 46193 | GB90: 2.4470635e+08
A91: fdip_pdede | C91: 0.828399 | D91: 50000001 | E91: 60357356 | F91: 161087 | G91: 338588 | H91: 416841 | I91: 200242 | J91: 52552 | K91: 581985 | L91: 42372 | M91: 258778 | N91: 2059668 | O91: 0 | P91: 2439 | Q91: 779776 | R91: 967507 | S91: 909629 | T91: 971915 | U91: 833408 | V91: 581820 | W91: 435143 | X91: 217454 | Y91: 118091 | Z91: 89627 | AA91: 79117 | AB91: 124906 | AC91: 106714 | AD91: 60306 | AE91: 51871 | AF91: 118759 | AG91: 149159 | AH91: 234495 | AI91: 349441 | AJ91: 416955 | AK91: 86062 | AL91: 109867 | AM91: 49842 | AN91: 13737 | AO91: 281 | AP91: 14360 | AQ91: 0 | AR91: 0 | AS91: 0 | AT91: 0 | AU91: 0 | AV91: 0 | AW91: 0 | AX91: 0 | AY91: 0 | AZ91: 0 | BA91: 0 | BB91: 0 | BC91: 0 | BD91: 0 | BE91: 0 | BF91: 0 | BG91: 0 | BH91: 0 | BI91: 0 | BJ91: 0 | BK91: 0 | BL91: 0 | BM91: 0 | BN91: 0 | BO91: 0 | BP91: 0 | BQ91: 0 | BR91: 0 | BS91: 0 | BT91: 0 | BU91: 0 | BV91: 0 | BW91: 0 | BX91: 0 | BY91: 24 | BZ91: 0 | CA91: 0 | CB91: 965045 | CC91: 2059668 | CD91: 1759 | CE91: 278787 | CF91: 544538 | CG91: 786382 | CH91: 824451 | CI91: 832623 | CJ91: 795993 | CK91: 596669 | CL91: 589771 | CM91: 208391 | CN91: 126403 | CO91: 200706 | CP91: 135709 | CQ91: 89526 | CR91: 72713 | CS91: 187938 | CT91: 51629 | CU91: 99919 | CV91: 214569 | CW91: 205648 | CX91: 138231 | CY91: 129166 | CZ91: 682940 | DA91: 0 | DB91: 63579 | DC91: 0 | DD91: 14641 | DE91: 0 | DF91: 0 | DG91: 0 | DH91: 0 | DI91: 0 | DJ91: 0 | DK91: 0 | DL91: 0 | DM91: 0 | DN91: 0 | DO91: 0 | DP91: 0 | DQ91: 0 | DR91: 0 | DS91: 0 | DT91: 0 | DU91: 0 | DV91: 0 | DW91: 0 | DX91: 0 | DY91: 0 | DZ91: 0 | EA91: 0 | EB91: 0 | EC91: 0 | ED91: 0 | EE91: 0 | EF91: 0 | EG91: 0 | EH91: 0 | EI91: 0 | EJ91: 0 | EK91: 0 | EL91: 0 | EM91: 24 | EN91: 0 | EO91: 0 | EP91: 0 | EQ91: 696748 | ER91: 790714 | ES91: 986384 | ET91: 349253 | EU91: 442897 | EV91: 505765 | EW91: 5977 | EX91: 1019332 | EY91: 112281 | EZ91: 35829 | FA91: 54933 | FB91: 24378 | FC91: 6829 | FD91: 9682 | FE91: 11373 | FF91: 13410 | FG91: 270181 | FH91: 468733 | FI91: 226131 | FJ91: 426132 | FK91: 0 | FL91: 6 | FM91: 24113 | FN91: 0 | FO91: 10 | FP91: 139403 | FQ91: 262600 | FR91: 0 | FS91: 82473077 | FT91: 62179 | FU91: 3219033 | FV91: 38 | FW91: 23438 | FX91: 3219033 | FY91: 0 | FZ91: 23438 | GA91: 46193 | GB91: 2.2918912e+08
A92: no_convBTB | C92: 0.680548 | D92: 50000000 | E92: 73470215 | F92: 166676 | G92: 338756 | H92: 0 | I92: 0 | J92: 42076 | K92: 228337 | L92: 66650 | M92: 169763 | CB92: 814967 | EQ92: 725556 | ER92: 815888 | ES92: 1004762 | ET92: 340059 | EU92: 431251 | EV92: 495281 | EW92: 5920 | EX92: 1005521 | EY92: 83474 | EZ92: 16325 | FA92: 34896 | FB92: 20374 | FC92: 12665 | FD92: 20993 | FE92: 25612 | FF92: 27222 | FG92: 261069 | FH92: 403582 | FI92: 150316 | FJ92: 312310 | FK92: 0 | FL92: 7 | FM92: 23485 | FN92: 0 | FO92: 8 | FP92: 139081 | FQ92: 149729 | FR92: 0 | FS92: 11030399 | FT92: 3546994 | FU92: 0 | FV92: 0 | FW92: 0 | FX92: 0 | FY92: 0 | FZ92: 0 | GA92: 46193 | GB92: 1.4642641e+08
A93: no_pdede | C93: 0.691841 | D93: 50000000 | E93: 72270904 | F93: 166735 | G93: 338778 | H93: 0 | I93: 0 | J93: 42187 | K93: 227375 | L93: 65514 | M93: 170399 | CB93: 726242 | EQ93: 751760 | ER93: 830928 | ES93: 1023875 | ET93: 349941 | EU93: 443049 | EV93: 505796 | EW93: 5977 | EX93: 1020680 | EY93: 57270 | EZ93: 9154 | FA93: 19753 | FB93: 8535 | FC93: 6220 | FD93: 9499 | FE93: 11299 | FF93: 12064 | FG93: 275201 | FH93: 356117 | FI93: 94924 | FJ93: 317230 | FK93: 0 | FL93: 6 | FM93: 24108 | FN93: 0 | FO93: 10 | FP93: 139406 | FQ93: 153700 | FR93: 0 | FS93: 9904902 | FT93: 61794 | FU93: 1628608 | FV93: 35 | FW93: 23197 | FX93: 1628608 | FY93: 0 | FZ93: 23197 | GA93: 46193 | GB93: 1.4375117e+08
A94: server_003 Total | C94: 3.824014 | D94: 250000005 | E94: 329377886 | F94: 817883 | G94: 1693354 | H94: 1188268 | I94: 553168 | J94: 249999 | K94: 2184449 | L94: 262476 | M94: 1136513 | N94: 6179003 | O94: 0 | P94: 7317 | Q94: 2339328 | R94: 2902521 | S94: 2728887 | T94: 2915745 | U94: 2500224 | V94: 1745460 | W94: 1305429 | X94: 652362 | Y94: 354273 | Z94: 268881 | AA94: 237351 | AB94: 374718 | AC94: 320142 | AD94: 180918 | AE94: 155613 | AF94: 356277 | AG94: 447477 | AH94: 703485 | AI94: 1048323 | AJ94: 1250865 | AK94: 258186 | AL94: 329601 | AM94: 149526 | AN94: 41211 | AO94: 843 | AP94: 43080 | AQ94: 0 | AR94: 0 | AS94: 0 | AT94: 0 | AU94: 0 | AV94: 0 | AW94: 0 | AX94: 0 | AY94: 0 | AZ94: 0 | BA94: 0 | BB94: 0 | BC94: 0 | BD94: 0 | BE94: 0 | BF94: 0 | BG94: 0 | BH94: 0 | BI94: 0 | BJ94: 0 | BK94: 0 | BL94: 0 | BM94: 0 | BN94: 0 | BO94: 0 | BP94: 0 | BQ94: 0 | BR94: 0 | BS94: 0 | BT94: 0 | BU94: 0 | BV94: 0 | BW94: 0 | BX94: 0 | BY94: 72 | BZ94: 0 | CA94: 0 | CB94: 4545158 | CC94: 6179003 | CD94: 5277 | CE94: 836361 | CF94: 1633614 | CG94: 2359146 | CH94: 2473353 | CI94: 2497869 | CJ94: 2387979 | CK94: 1790007 | CL94: 1769313 | CM94: 625173 | CN94: 379209 | CO94: 602118 | CP94: 407127 | CQ94: 268578 | CR94: 218139 | CS94: 563814 | CT94: 154887 | CU94: 299757 | CV94: 643707 | CW94: 616944 | CX94: 414693 | CY94: 387498 | CZ94: 2048820 | DA94: 0 | DB94: 190737 | DC94: 0 | DD94: 43923 | DE94: 0 | DF94: 0 | DG94: 0 | DH94: 0 | DI94: 0 | DJ94: 0 | DK94: 0 | DL94: 0 | DM94: 0 | DN94: 0 | DO94: 0 | DP94: 0 | DQ94: 0 | DR94: 0 | DS94: 0 | DT94: 0 | DU94: 0 | DV94: 0 | DW94: 0 | DX94: 0 | DY94: 0 | DZ94: 0 | EA94: 0 | EB94: 0 | EC94: 0 | ED94: 0 | EE94: 0 | EF94: 0 | EG94: 0 | EH94: 0 | EI94: 0 | EJ94: 0 | EK94: 0 | EL94: 0 | EM94: 72 | EN94: 0 | EO94: 0 | EP94: 0 | EQ94: 3543421 | ER94: 4003899 | ES94: 4969453 | ET94: 1724795 | EU94: 2187456 | EV94: 2500725 | EW94: 29547 | EX94: 5068791 | EY94: 501726 | EZ94: 140579 | FA94: 233903 | FB94: 113370 | FC94: 45530 | FD94: 75488 | FE94: 95349 | FF94: 94919 | FG94: 1332973 | FH94: 2231011 | FI94: 981174 | FJ94: 1911191 | FK94: 0 | FL94: 32 | FM94: 119269 | FN94: 0 | FO94: 44 | FP94: 696126 | FQ94: 1095720 | FR94: 0 | FS94: 290982208 | FT94: 7272577 | FU94: 4847641 | FV94: 73 | FW94: 46635 | FX94: 4847641 | FY94: 0 | FZ94: 46635 | GA94: 230965 | GB94: 9.9357426e+08
A95: server_004
A96: no_BTBX | C96: 0.579166 | D96: 50000000 | E96: 86331068 | F96: 115334 | G96: 1840267 | H96: 0 | I96: 0 | J96: 45475 | K96: 226905 | L96: 40050 | M96: 131081 | CB96: 651161 | EQ96: 738305 | ER96: 1170628 | ES96: 821432 | ET96: 302333 | EU96: 431456 | EV96: 422142 | EW96: 7275 | EX96: 990677 | EY96: 33052 | EZ96: 291538 | FA96: 11151 | FB96: 6322 | FC96: 6006 | FD96: 13926 | FE96: 24893 | FF96: 2634 | FG96: 110393 | FH96: 194719 | FI96: 346049 | FJ96: 151240 | FK96: 0 | FL96: 48 | FM96: 30524 | FN96: 0 | FO96: 248 | FP96: 23010 | FQ96: 97410 | FR96: 0 | FS96: 8389424 | FT96: 59602 | FU96: 0 | FV96: 0 | FW96: 0 | FX96: 0 | FY96: 0 | FZ96: 0 | GA96: 46469 | GB96: 1.5410425e+08
A97: fdip_BTBX | C97: 0.683808 | D97: 50000003 | E97: 73119984 | F97: 109123 | G97: 1840010 | H97: 403141 | I97: 190048 | J97: 61100 | K97: 574053 | L97: 26460 | M97: 178687 | N97: 1975820 | O97: 0 | P97: 2308 | Q97: 808045 | R97: 2442828 | S97: 624124 | T97: 984039 | U97: 638349 | V97: 431540 | W97: 316564 | X97: 269238 | Y97: 117015 | Z97: 61041 | AA97: 70005 | AB97: 89164 | AC97: 149342 | AD97: 37074 | AE97: 58445 | AF97: 139468 | AG97: 133701 | AH97: 234106 | AI97: 327529 | AJ97: 258106 | AK97: 151733 | AL97: 77818 | AM97: 48561 | AN97: 19463 | AO97: 313 | AP97: 15341 | AQ97: 0 | AR97: 0 | AS97: 0 | AT97: 0 | AU97: 0 | AV97: 0 | AW97: 0 | AX97: 0 | AY97: 0 | AZ97: 0 | BA97: 0 | BB97: 0 | BC97: 0 | BD97: 0 | BE97: 0 | BF97: 0 | BG97: 0 | BH97: 0 | BI97: 0 | BJ97: 0 | BK97: 0 | BL97: 0 | BM97: 0 | BN97: 0 | BO97: 0 | BP97: 0 | BQ97: 0 | BR97: 0 | BS97: 0 | BT97: 0 | BU97: 0 | BV97: 0 | BW97: 0 | BX97: 0 | BY97: 11 | BZ97: 0 | CA97: 0 | CB97: 845090 | CC97: 1975820 | CD97: 879 | CE97: 200038 | CF97: 592129 | CG97: 759572 | CH97: 2036765 | CI97: 883595 | CJ97: 637182 | CK97: 595032 | CL97: 408342 | CM97: 200471 | CN97: 98930 | CO97: 193430 | CP97: 125728 | CQ97: 98705 | CR97: 117259 | CS97: 86827 | CT97: 87958 | CU97: 83435 | CV97: 216522 | CW97: 202221 | CX97: 95258 | CY97: 227826 | CZ97: 473478 | DA97: 0 | DB97: 68024 | DC97: 0 | DD97: 15654 | DE97: 0 | DF97: 0 | DG97: 0 | DH97: 0 | DI97: 0 | DJ97: 0 | DK97: 0 | DL97: 0 | DM97: 0 | DN97: 0 | DO97: 0 | DP97: 0 | DQ97: 0 | DR97: 0 | DS97: 0 | DT97: 0 | DU97: 0 | DV97: 0 | DW97: 0 | DX97: 0 | DY97: 0 | DZ97: 0 | EA97: 0 | EB97: 0 | EC97: 0 | ED97: 0 | EE97: 0 | EF97: 0 | EG97: 0 | EH97: 0 | EI97: 0 | EJ97: 0 | EK97: 0 | EL97: 0 | EM97: 11 | EN97: 0 | EO97: 0 | EP97: 0 | EQ97: 708220 | ER97: 1088989 | ES97: 806894 | ET97: 301571 | EU97: 431452 | EV97: 422142 | EW97: 7275 | EX97: 989758 | EY97: 63135 | EZ97: 369870 | FA97: 21516 | FB97: 13805 | FC97: 6628 | FD97: 14068 | FE97: 24893 | FF97: 3553 | FG97: 108193 | FH97: 265059 | FI97: 471838 | FJ97: 219423 | FK97: 0 | FL97: 48 | FM97: 30524 | FN97: 0 | FO97: 248 | FP97: 23010 | FQ97: 165593 | FR97: 0 | FS97: 71303388 | FT97: 59602 | FU97: 0 | FV97: 0 | FW97: 0 | FX97: 0 | FY97: 0 | FZ97: 0 | GA97: 46469 | GB97: 2.2627705e+08
A98: fdip_convBTB | C98: 0.659087 | D98: 50000000 | E98: 75862532 | F98: 109637 | G98: 1840064 | H98: 452231 | I98: 307447 | J98: 79675 | K98: 769627 | L98: 28857 | M98: 257557 | N98: 1975820 | O98: 0 | P98: 2308 | Q98: 808045 | R98: 2442828 | S98: 624124 | T98: 984039 | U98: 638348 | V98: 431540 | W98: 316564 | X98: 269238 | Y98: 117015 | Z98: 61041 | AA98: 70005 | AB98: 89164 | AC98: 149342 | AD98: 37074 | AE98: 58445 | AF98: 139468 | AG98: 133701 | AH98: 234106 | AI98: 327529 | AJ98: 258106 | AK98: 151733 | AL98: 77818 | AM98: 48561 | AN98: 19463 | AO98: 313 | AP98: 15341 | AQ98: 0 | AR98: 0 | AS98: 0 | AT98: 0 | AU98: 0 | AV98: 0 | AW98: 0 | AX98: 0 | AY98: 0 | AZ98: 0 | BA98: 0 | BB98: 0 | BC98: 0 | BD98: 0 | BE98: 0 | BF98: 0 | BG98: 0 | BH98: 0 | BI98: 0 | BJ98: 0 | BK98: 0 | BL98: 0 | BM98: 0 | BN98: 0 | BO98: 0 | BP98: 0 | BQ98: 0 | BR98: 0 | BS98: 0 | BT98: 0 | BU98: 0 | BV98: 0 | BW98: 0 | BX98: 0 | BY98: 11 | BZ98: 0 | CA98: 0 | CB98: 981437 | CC98: 1975820 | CD98: 879 | CE98: 200038 | CF98: 592129 | CG98: 759572 | CH98: 2036765 | CI98: 883595 | CJ98: 637182 | CK98: 595031 | CL98: 408342 | CM98: 200471 | CN98: 98930 | CO98: 193430 | CP98: 125728 | CQ98: 98705 | CR98: 117259 | CS98: 86827 | CT98: 87958 | CU98: 83435 | CV98: 216522 | CW98: 202221 | CX98: 95258 | CY98: 227826 | CZ98: 473478 | DA98: 0 | DB98: 68024 | DC98: 0 | DD98: 15654 | DE98: 0 | DF98: 0 | DG98: 0 | DH98: 0 | DI98: 0 | DJ98: 0 | DK98: 0 | DL98: 0 | DM98: 0 | DN98: 0 | DO98: 0 | DP98: 0 | DQ98: 0 | DR98: 0 | DS98: 0 | DT98: 0 | DU98: 0 | DV98: 0 | DW98: 0 | DX98: 0 | DY98: 0 | DZ98: 0 | EA98: 0 | EB98: 0 | EC98: 0 | ED98: 0 | EE98: 0 | EF98: 0 | EG98: 0 | EH98: 0 | EI98: 0 | EJ98: 0 | EK98: 0 | EL98: 0 | EM98: 11 | EN98: 0 | EO98: 0 | EP98: 0 | EQ98: 660972 | ER98: 1065819 | ES98: 777977 | ET98: 288746 | EU98: 419201 | EV98: 418038 | EW98: 7324 | EX98: 962763 | EY98: 110383 | EZ98: 381359 | FA98: 45810 | FB98: 30108 | FC98: 16105 | FD98: 27885 | FE98: 30730 | FF98: 30548 | FG98: 99203 | FH98: 321727 | FI98: 560507 | FJ98: 209299 | FK98: 0 | FL98: 8 | FM98: 29615 | FN98: 0 | FO98: 159 | FP98: 22952 | FQ98: 156565 | FR98: 0 | FS98: 83043995 | FT98: 3870631 | FU98: 0 | FV98: 0 | FW98: 0 | FX98: 0 | FY98: 0 | FZ98: 0 | GA98: 46469 | GB98: 2.4528614e+08
A99: fdip_pdede | C99: 0.681879 | D99: 50000003 | E99: 73326824 | F99: 109122 | G99: 1840018 | H99: 384728 | I99: 198148 | J99: 56024 | K99: 575541 | L99: 27942 | M99: 187177 | N99: 1975820 | O99: 0 | P99: 2308 | Q99: 808045 | R99: 2442828 | S99: 624124 | T99: 984039 | U99: 638349 | V99: 431540 | W99: 316564 | X99: 269238 | Y99: 117015 | Z99: 61042 | AA99: 70005 | AB99: 89164 | AC99: 149342 | AD99: 37074 | AE99: 58445 | AF99: 139468 | AG99: 133701 | AH99: 234106 | AI99: 327529 | AJ99: 258106 | AK99: 151733 | AL99: 77818 | AM99: 48561 | AN99: 19463 | AO99: 313 | AP99: 15341 | AQ99: 0 | AR99: 0 | AS99: 0 | AT99: 0 | AU99: 0 | AV99: 0 | AW99: 0 | AX99: 0 | AY99: 0 | AZ99: 0 | BA99: 0 | BB99: 0 | BC99: 0 | BD99: 0 | BE99: 0 | BF99: 0 | BG99: 0 | BH99: 0 | BI99: 0 | BJ99: 0 | BK99: 0 | BL99: 0 | BM99: 0 | BN99: 0 | BO99: 0 | BP99: 0 | BQ99: 0 | BR99: 0 | BS99: 0 | BT99: 0 | BU99: 0 | BV99: 0 | BW99: 0 | BX99: 0 | BY99: 11 | BZ99: 0 | CA99: 0 | CB99: 833993 | CC99: 1975820 | CD99: 879 | CE99: 200038 | CF99: 592129 | CG99: 759572 | CH99: 2036765 | CI99: 883595 | CJ99: 637182 | CK99: 595032 | CL99: 408342 | CM99: 200471 | CN99: 98930 | CO99: 193431 | CP99: 125728 | CQ99: 98705 | CR99: 117259 | CS99: 86827 | CT99: 87958 | CU99: 83435 | CV99: 216522 | CW99: 202221 | CX99: 95258 | CY99: 227826 | CZ99: 473478 | DA99: 0 | DB99: 68024 | DC99: 0 | DD99: 15654 | DE99: 0 | DF99: 0 | DG99: 0 | DH99: 0 | DI99: 0 | DJ99: 0 | DK99: 0 | DL99: 0 | DM99: 0 | DN99: 0 | DO99: 0 | DP99: 0 | DQ99: 0 | DR99: 0 | DS99: 0 | DT99: 0 | DU99: 0 | DV99: 0 | DW99: 0 | DX99: 0 | DY99: 0 | DZ99: 0 | EA99: 0 | EB99: 0 | EC99: 0 | ED99: 0 | EE99: 0 | EF99: 0 | EG99: 0 | EH99: 0 | EI99: 0 | EJ99: 0 | EK99: 0 | EL99: 0 | EM99: 11 | EN99: 0 | EO99: 0 | EP99: 0 | EQ99: 700955 | ER99: 1086472 | ES99: 804474 | ET99: 302272 | EU99: 437534 | EV99: 432210 | EW99: 7532 | EX99: 984668 | EY99: 70400 | EZ99: 371261 | FA99: 23680 | FB99: 15187 | FC99: 7074 | FD99: 11105 | FE99: 10303 | FF99: 8643 | FG99: 106238 | FH99: 246628 | FI99: 481127 | FJ99: 210096 | FK99: 0 | FL99: 39 | FM99: 30713 | FN99: 0 | FO99: 266 | FP99: 23076 | FQ99: 156002 | FR99: 0 | FS99: 66050737 | FT99: 60696 | FU99: 2572654 | FV99: 143 | FW99: 23501 | FX99: 2572654 | FY99: 0 | FZ99: 23501 | GA99: 46469 | GB99: 2.2638001e+08
A100: server_004 Total | C100: 2.60394 | D100: 200000006 | E100: 308640408 | F100: 443216 | G100: 7360359 | H100: 1240100 | I100: 695643 | J100: 242274 | K100: 2146126 | L100: 123309 | M100: 754502 | N100: 5927460 | O100: 0 | P100: 6924 | Q100: 2424135 | R100: 7328484 | S100: 1872372 | T100: 2952117 | U100: 1915046 | V100: 1294620 | W100: 949692 | X100: 807714 | Y100: 351045 | Z100: 183124 | AA100: 210015 | AB100: 267492 | AC100: 448026 | AD100: 111222 | AE100: 175335 | AF100: 418404 | AG100: 401103 | AH100: 702318 | AI100: 982587 | AJ100: 774318 | AK100: 455199 | AL100: 233454 | AM100: 145683 | AN100: 58389 | AO100: 939 | AP100: 46023 | AQ100: 0 | AR100: 0 | AS100: 0 | AT100: 0 | AU100: 0 | AV100: 0 | AW100: 0 | AX100: 0 | AY100: 0 | AZ100: 0 | BA100: 0 | BB100: 0 | BC100: 0 | BD100: 0 | BE100: 0 | BF100: 0 | BG100: 0 | BH100: 0 | BI100: 0 | BJ100: 0 | BK100: 0 | BL100: 0 | BM100: 0 | BN100: 0 | BO100: 0 | BP100: 0 | BQ100: 0 | BR100: 0 | BS100: 0 | BT100: 0 | BU100: 0 | BV100: 0 | BW100: 0 | BX100: 0 | BY100: 33 | BZ100: 0 | CA100: 0 | CB100: 3311681 | CC100: 5927460 | CD100: 2637 | CE100: 600114 | CF100: 1776387 | CG100: 2278716 | CH100: 6110295 | CI100: 2650785 | CJ100: 1911546 | CK100: 1785095 | CL100: 1225026 | CM100: 601413 | CN100: 296790 | CO100: 580291 | CP100: 377184 | CQ100: 296115 | CR100: 351777 | CS100: 260481 | CT100: 263874 | CU100: 250305 | CV100: 649566 | CW100: 606663 | CX100: 285774 | CY100: 683478 | CZ100: 1420434 | DA100: 0 | DB100: 204072 | DC100: 0 | DD100: 46962 | DE100: 0 | DF100: 0 | DG100: 0 | DH100: 0 | DI100: 0 | DJ100: 0 | DK100: 0 | DL100: 0 | DM100: 0 | DN100: 0 | DO100: 0 | DP100: 0 | DQ100: 0 | DR100: 0 | DS100: 0 | DT100: 0 | DU100: 0 | DV100: 0 | DW100: 0 | DX100: 0 | DY100: 0 | DZ100: 0 | EA100: 0 | EB100: 0 | EC100: 0 | ED100: 0 | EE100: 0 | EF100: 0 | EG100: 0 | EH100: 0 | EI100: 0 | EJ100: 0 | EK100: 0 | EL100: 0 | EM100: 33 | EN100: 0 | EO100: 0 | EP100: 0 | EQ100: 2808452 | ER100: 4411908 | ES100: 3210777 | ET100: 1194922 | EU100: 1719643 | EV100: 1694532 | EW100: 29406 | EX100: 3927866 | EY100: 276970 | EZ100: 1414028 | FA100: 102157 | FB100: 65422 | FC100: 35813 | FD100: 66984 | FE100: 90819 | FF100: 45378 | FG100: 424027 | FH100: 1028133 | FI100: 1859521 | FJ100: 790058 | FK100: 0 | FL100: 143 | FM100: 121376 | FN100: 0 | FO100: 921 | FP100: 92048 | FQ100: 575570 | FR100: 0 | FS100: 228787544 | FT100: 4050531 | FU100: 2572654 | FV100: 143 | FW100: 23501 | FX100: 2572654 | FY100: 0 | FZ100: 23501 | GA100: 185876 | GB100: 8.5204745e+08
A101: server_009
A102: no_BTBX | C102: 0.607355 | D102: 50000002 | E102: 82324151 | F102: 117374 | G102: 2089305 | H102: 0 | I102: 0 | J102: 53586 | K102: 224393 | L102: 20783 | M102: 85750 | CB102: 569616 | EQ102: 765308 | ER102: 1098560 | ES102: 662503 | ET102: 297279 | EU102: 435551 | EV102: 331953 | EW102: 10227 | EX102: 931055 | EY102: 29936 | EZ102: 345739 | FA102: 6926 | FB102: 1763 | FC102: 4802 | FD102: 6817 | FE102: 15757 | FF102: 503 | FG102: 38576 | FH102: 141980 | FI102: 389060 | FJ102: 118789 | FK102: 0 | FL102: 0 | FM102: 22328 | FN102: 0 | FO102: 11 | FP102: 4174 | FQ102: 92276 | FR102: 0 | FS102: 6951288 | FT102: 29851 | FU102: 0 | FV102: 0 | FW102: 0 | FX102: 0 | FY102: 0 | FZ102: 0 | GA102: 24210 | GB102: 1.4824218e+08
...

Sheet data
A1: bench | B1: config | C1: stat | D1: value
A2: client_001 | B2: fdip_BTBX | C2: cumulative-IPC | D2: 1.03678
A3: client_001 | B3: fdip_BTBX | C3: instructions | D3: 50000003 | AH3: Final_fdip_Unified
A4: client_001 | B4: fdip_BTBX | C4: cycles | D4: 48226457
A5: client_001 | B5: fdip_BTBX | C5: L1D-USEFUL | D5: 130820
A6: client_001 | B6: fdip_BTBX | C6: L1D-USELESS | D6: 253391
A7: client_001 | B7: fdip_BTBX | C7: L1I-USEFUL | D7: 102658
A8: client_001 | B8: fdip_BTBX | C8: L1I-USELESS | D8: 41550
A9: client_001 | B9: fdip_BTBX | C9: L2C-USEFUL | D9: 16110
A10: client_001 | B10: fdip_BTBX | C10: L2C-USELESS | D10: 138501
A11: client_001 | B11: fdip_BTBX | C11: LLC-USEFUL | D11: 29902
A12: client_001 | B12: fdip_BTBX | C12: LLC-USELESS | D12: 97266
A13: client_001 | B13: fdip_BTBX | C13: disp-0 | D13: 1439710
A14: client_001 | B14: fdip_BTBX | C14: disp-1 | D14: 0
A15: client_001 | B15: fdip_BTBX | C15: disp-2 | D15: 932
... A29162: server_039 | B29162: no_pdede | C29162: Num_unique_branches | D29162: 2634

Sheet MPKI
H2: no_4KEntryBTBX | Q2: no_4KEQIBTB | Z2: no_4KEntryBTBX
E3: no_convBTB | H3: no_convBTB | Q3: no_pdede | Z3: no_BTBX
E4: instructions | H4: BTB_4D_Misses | I4: BTB_6D_Misses | J4: BTB_8D_Misses | K4: BTB_12D_Misses | L4: BTB_18D_Misses | M4: BTB_25D_Misses | N4: BTB_46D_Misses | O4: BTB_Ret_Misses | Q4: BTB_4D_Misses | R4: BTB_6D_Misses | S4: BTB_8D_Misses | T4: BTB_12D_Misses | U4: BTB_18D_Misses | V4: BTB_25D_Misses | W4: BTB_46D_Misses | X4: BTB_Ret_Misses | Z4: BTB_4D_Misses | AA4: BTB_6D_Misses | AB4: BTB_8D_Misses | AC4: BTB_12D_Misses | AD4: BTB_18D_Misses | AE4: BTB_25D_Misses | AF4: BTB_46D_Misses | AG4: BTB_Ret_Misses | AI4: Total Misses | AJ4: Total Misses | AK4: Total Misses | AM4: MPKI | AN4: MPKI | AO4: MPKI
A5: INT | B5: astar.BigLakes2048 | C5: Client workloads | D5: client_001 | E5: =GETPIVOTDATA("value",pivot!$A$3,"bench",$D5,"config",$E$3,"stat",E$4) -> 50000003 | H5: =GETPIVOTDATA("value",pivot!$A$3,"bench",$D5,"config",$H$3,"stat",H$4) -> 100322 | I5: =GETPIVOTDATA("value",pivot!$A$3,"bench",$D5,"config",$H$3,"stat",I$4) -> 3677 | J5: =GETPIVOTDATA("value",pivot!$A$3,"bench",$D5,"config",$H$3,"stat",J$4) -> 40372 | K5: =GETPIVOTDATA("value",pivot!$A$3,"bench",$D5,"config",$H$3,"stat",K$4) -> 352 | L5: =GETPIVOTDATA("value",pivot!$A$3,"bench",$D5,"config",$H$3,"stat",L$4) -> 3308 | M5: =GETPIVOTDATA("value",pivot!$A$3,"bench",$D5,"config",$H$3,"stat",M$4) -> 216 | N5: =GETPIVOTDATA("value",pivot!$A$3,"bench",$D5,"config",$H$3,"stat",N$4) -> 166 | O5: =GETPIVOTDATA("value",pivot!$A$3,"bench",$D5,"config",$H$3,"stat",O$4) -> 2850 | Q5: =GETPIVOTDATA("value",pivot!$A$3,"bench",$D5,"config",$Q$3,"stat",Q$4) -> 100285 | R5: =GETPIVOTDATA("value",pivot!$A$3,"bench",$D5,"config",$Q$3,"stat",R$4) -> 3594 | S5: =GETPIVOTDATA("value",pivot!$A$3,"bench",$D5,"config",$Q$3,"stat",S$4) -> 43874 | T5: =GETPIVOTDATA("value",pivot!$A$3,"bench",$D5,"config",$Q$3,"stat",T$4) -> 355 | U5: =GETPIVOTDATA("value",pivot!$A$3,"bench",$D5,"config",$Q$3,"stat",U$4) -> 3308 | V5: =GETPIVOTDATA("value",pivot!$A$3,"bench",$D5,"config",$Q$3,"stat",V$4) -> 209 | W5: =GETPIVOTDATA("value",pivot!$A$3,"bench",$D5,"config",$Q$3,"stat",W$4) -> 169 | X5: =GETPIVOTDATA("value",pivot!$A$3,"bench",$D5,"config",$Q$3,"stat",X$4) -> 4660 | Z5: =GETPIVOTDATA("value",pivot!$A$3,"bench",$D5,"config",$Z$3,"stat",Z$4) -> 100262 | AA5: =GETPIVOTDATA("value",pivot!$A$3,"bench",$D5,"config",$Z$3,"stat",AA$4) -> 3612 | AB5: =GETPIVOTDATA("value",pivot!$A$3,"bench",$D5,"config",$Z$3,"stat",AB$4) -> 39945 | AC5: =GETPIVOTDATA("value",pivot!$A$3,"bench",$D5,"config",$Z$3,"stat",AC$4) -> 326 | AD5: =GETPIVOTDATA("value",pivot!$A$3,"bench",$D5,"config",$Z$3,"stat",AD$4) -> 3290 | AE5: =GETPIVOTDATA("value",pivot!$A$3,"bench",$D5,"config",$Z$3,"stat",AE$4) -> 253 | AF5: =GETPIVOTDATA("value",pivot!$A$3,"bench",$D5,"config",$Z$3,"stat",AF$4) -> 194 | AG5: =GETPIVOTDATA("value",pivot!$A$3,"bench",$D5,"config",$Z$3,"stat",AG$4) -> 2802 | AI5: =SUM(H5:O5) -> 151263 | AJ5: =SUM(Q5:X5) -> 156454 | AK5: =SUM(Z5:AG5) -> 150684 | AM5: =(AI5/$E5)*1000 -> 3.0252598 | AN5: =(AJ5/$E5)*1000 -> 3.1290798 | AO5: =(AK5/$E5)*1000 -> 3.0136798
A6: INT | B6: astar.rivers | D6: client_002 | E6: =GETPIVOTDATA("value",pivot!$A$3,"bench",$D6,"config",$E$3,"stat",E$4) -> 50000001 | H6: =GETPIVOTDATA("value",pivot!$A$3,"bench",$D6,"config",$H$3,"stat",H$4) -> 73300 | I6: =GETPIVOTDATA("value",pivot!$A$3,"bench",$D6,"config",$H$3,"stat",I$4) -> 5731 | J6: =GETPIVOTDATA("value",pivot!$A$3,"bench",$D6,"config",$H$3,"stat",J$4) -> 10442 | K6: =GETPIVOTDATA("value",pivot!$A$3,"bench",$D6,"config",$H$3,"stat",K$4) -> 7826 | L6: =GETPIVOTDATA("value",pivot!$A$3,"bench",$D6,"config",$H$3,"stat",L$4) -> 4261 | M6: =GETPIVOTDATA("value",pivot!$A$3,"bench",$D6,"config",$H$3,"stat",M$4) -> 13803 | N6: =GETPIVOTDATA("value",pivot!$A$3,"bench",$D6,"config",$H$3,"stat",N$4) -> 8263 | O6: =GETPIVOTDATA("value",pivot!$A$3,"bench",$D6,"config",$H$3,"stat",O$4) -> 8725 | Q6: =GETPIVOTDATA("value",pivot!$A$3,"bench",$D6,"config",$Q$3,"stat",Q$4) -> 61611 | R6: =GETPIVOTDATA("value",pivot!$A$3,"bench",$D6,"config",$Q$3,"stat",R$4) -> 3208 | S6: =GETPIVOTDATA("value",pivot!$A$3,"bench",$D6,"config",$Q$3,"stat",S$4) -> 4020 | T6: =GETPIVOTDATA("value",pivot!$A$3,"bench",$D6,"config",$Q$3,"stat",T$4) -> 2265 | U6: =GETPIVOTDATA("value",pivot!$A$3,"bench",$D6,"config",$Q$3,"stat",U$4) -> 1188 | V6: =GETPIVOTDATA("value",pivot!$A$3,"bench",$D6,"config",$Q$3,"stat",V$4) -> 5063 | W6: =GETPIVOTDATA("value",pivot!$A$3,"bench",$D6,"config",$Q$3,"stat",W$4) -> 5143 | X6: =GETPIVOTDATA("value",pivot!$A$3,"bench",$D6,"config",$Q$3,"stat",X$4) -> 1569 | Z6: =GETPIVOTDATA("value",pivot!$A$3,"bench",$D6,"config",$Z$3,"stat",Z$4) -> 61989 | AA6: =GETPIVOTDATA("value",pivot!$A$3,"bench",$D6,"config",$Z$3,"stat",AA$4) -> 2837 | AB6: =GETPIVOTDATA("value",pivot!$A$3,"bench",$D6,"config",$Z$3,"stat",AB$4) -> 3427 | AC6: =GETPIVOTDATA("value",pivot!$A$3,"bench",$D6,"config",$Z$3,"stat",AC$4) -> 1853 | AD6: =GETPIVOTDATA("value",pivot!$A$3,"bench",$D6,"config",$Z$3,"stat",AD$4) -> 937 | AE6: =GETPIVOTDATA("value",pivot!$A$3,"bench",$D6,"config",$Z$3,"stat",AE$4) -> 7573 | AF6: =GETPIVOTDATA("value",pivot!$A$3,"bench",$D6,"config",$Z$3,"stat",AF$4) -> 7452 | AG6: =GETPIVOTDATA("value",pivot!$A$3,"bench",$D6,"config",$Z$3,"stat",AG$4) -> 896 | AI6: =SUM(H6:O6) -> 132351 | AJ6: =SUM(Q6:X6) -> 84067 | AK6: =SUM(Z6:AG6) -> 86964 | AM6: =(AI6/$E6)*1000 -> 2.6470199 | AN6: =(AJ6/$E6)*1000 -> 1.68134 | AO6: =(AK6/$E6)*1000 -> 1.73928
A7: FP | B7: bwaves | D7: client_003 | E7: =GETPIVOTDATA("value",pivot!$A$3,"bench",$D7,"config",$E$3,"stat",E$4) -> 50000001 | H7: =GETPIVOTDATA("value",pivot!$A$3,"bench",$D7,"config",$H$3,"stat",H$4) -> 178414 | I7: =GETPIVOTDATA("value",pivot!$A$3,"bench",$D7,"config",$H$3,"stat",I$4) -> 4673 | J7: =GETPIVOTDATA("value",pivot!$A$3,"bench",$D7,"config",$H$3,"stat",J$4) -> 6442 | K7: =GETPIVOTDATA("value",pivot!$A$3,"bench",$D7,"config",$H$3,"stat",K$4) -> 4007 | L7: =GETPIVOTDATA("value",pivot!$A$3,"bench",$D7,"config",$H$3,"stat",L$4) -> 2296 | M7: =GETPIVOTDATA("value",pivot!$A$3,"bench",$D7,"config",$H$3,"stat",M$4) -> 9282 | N7: =GETPIVOTDATA("value",pivot!$A$3,"bench",$D7,"config",$H$3,"stat",N$4) -> 2688 | O7: =GETPIVOTDATA("value",pivot!$A$3,"bench",$D7,"config",$H$3,"stat",O$4) -> 5194 | Q7: =GETPIVOTDATA("value",pivot!$A$3,"bench",$D7,"config",$Q$3,"stat",Q$4) -> 174657 | R7: =GETPIVOTDATA("value",pivot!$A$3,"bench",$D7,"config",$Q$3,"stat",R$4) -> 3395 | S7: =GETPIVOTDATA("value",pivot!$A$3,"bench",$D7,"config",$Q$3,"stat",S$4) -> 3802 | T7: =GETPIVOTDATA("value",pivot!$A$3,"bench",$D7,"config",$Q$3,"stat",T$4) -> 1780 | U7: =GETPIVOTDATA("value",pivot!$A$3,"bench",$D7,"config",$Q$3,"stat",U$4) -> 1144 | V7: =GETPIVOTDATA("value",pivot!$A$3,"bench",$D7,"config",$Q$3,"stat",V$4) -> 5878 | W7: =GETPIVOTDATA("value",pivot!$A$3,"bench",$D7,"config",$Q$3,"stat",W$4) -> 1547 | X7: =GETPIVOTDATA("value",pivot!$A$3,"bench",$D7,"config",$Q$3,"stat",X$4) -> 2289 | Z7: =GETPIVOTDATA("value",pivot!$A$3,"bench",$D7,"config",$Z$3,"stat",Z$4) -> 175334 | AA7: =GETPIVOTDATA("value",pivot!$A$3,"bench",$D7,"config",$Z$3,"stat",AA$4) -> 3011 | AB7: =GETPIVOTDATA("value",pivot!$A$3,"bench",$D7,"config",$Z$3,"stat",AB$4) -> 3361 | AC7: =GETPIVOTDATA("value",pivot!$A$3,"bench",$D7,"config",$Z$3,"stat",AC$4) -> 1591 | AD7: =GETPIVOTDATA("value",pivot!$A$3,"bench",$D7,"config",$Z$3,"stat",AD$4) -> 1110 | AE7: =GETPIVOTDATA("value",pivot!$A$3,"bench",$D7,"config",$Z$3,"stat",AE$4) -> 7531 | AF7: =GETPIVOTDATA("value",pivot!$A$3,"bench",$D7,"config",$Z$3,"stat",AF$4) -> 2451 | AG7: =GETPIVOTDATA("value",pivot!$A$3,"bench",$D7,"config",$Z$3,"stat",AG$4) -> 1198 | AI7: =SUM(H7:O7) -> 212996 | AJ7: =SUM(Q7:X7) -> 194492 | AK7: =SUM(Z7:AG7) -> 195587 | AM7: =(AI7/$E7)*1000 -> 4.2599199 | AN7: =(AJ7/$E7)*1000 -> 3.8898399 | AO7: =(AK7/$E7)*1000 -> 3.9117399
A8: INT | B8: bzip2.source | D8: client_004 | E8: =GETPIVOTDATA("value",pivot!$A$3,"bench",$D8,"config",$E$3,"stat",E$4) -> 50000001 | H8: =GETPIVOTDATA("value",pivot!$A$3,"bench",$D8,"config",$H$3,"stat",H$4) -> 117629 | I8: =GETPIVOTDATA("value",pivot!$A$3,"bench",$D8,"config",$H$3,"stat",I$4) -> 31221 | J8: =GETPIVOTDATA("value",pivot!$A$3,"bench",$D8,"config",$H$3,"stat",J$4) -> 34617 | K8: =GETPIVOTDATA("value",pivot!$A$3,"bench",$D8,"config",$H$3,"stat",K$4) -> 23240 | L8: =GETPIVOTDATA("value",pivot!$A$3,"bench",$D8,"config",$H$3,"stat",L$4) -> 10058 | M8: =GETPIVOTDATA("value",pivot!$A$3,"bench",$D8,"config",$H$3,"stat",M$4) -> 23763 | N8: =GETPIVOTDATA("value",pivot!$A$3,"bench",$D8,"config",$H$3,"stat",N$4) -> 17014 | O8: =GETPIVOTDATA("value",pivot!$A$3,"bench",$D8,"config",$H$3,"stat",O$4) -> 18587 | Q8: =GETPIVOTDATA("value",pivot!$A$3,"bench",$D8,"config",$Q$3,"stat",Q$4) -> 111091 | R8: =GETPIVOTDATA("value",pivot!$A$3,"bench",$D8,"config",$Q$3,"stat",R$4) -> 27155 | S8: =GETPIVOTDATA("value",pivot!$A$3,"bench",$D8,"config",$Q$3,"stat",S$4) -> 27848 | T8: =GETPIVOTDATA("value",pivot!$A$3,"bench",$D8,"config",$Q$3,"stat",T$4) -> 16654 | U8: =GETPIVOTDATA("value",pivot!$A$3,"bench",$D8,"config",$Q$3,"stat",U$4) -> 6597 | V8: =GETPIVOTDATA("value",pivot!$A$3,"bench",$D8,"config",$Q$3,"stat",V$4) -> 16551 | W8: =GETPIVOTDATA("value",pivot!$A$3,"bench",$D8,"config",$Q$3,"stat",W$4) -> 12179 | X8: =GETPIVOTDATA("value",pivot!$A$3,"bench",$D8,"config",$Q$3,"stat",X$4) -> 12247 | Z8: =GETPIVOTDATA("value",pivot!$A$3,"bench",$D8,"config",$Z$3,"stat",Z$4) -> 107672 | AA8: =GETPIVOTDATA("value",pivot!$A$3,"bench",$D8,"config",$Z$3,"stat",AA$4) -> 25841 | AB8: =GETPIVOTDATA("value",pivot!$A$3,"bench",$D8,"config",$Z$3,"stat",AB$4) -> 25958 | AC8: =GETPIVOTDATA("value",pivot!$A$3,"bench",$D8,"config",$Z$3,"stat",AC$4) -> 16411 | AD8: =GETPIVOTDATA("value",pivot!$A$3,"bench",$D8,"config",$Z$3,"stat",AD$4) -> 6543 | AE8: =GETPIVOTDATA("value",pivot!$A$3,"bench",$D8,"config",$Z$3,"stat",AE$4) -> 19542 | AF8: =GETPIVOTDATA("value",pivot!$A$3,"bench",$D8,"config",$Z$3,"stat",AF$4) -> 17474 | AG8: =GETPIVOTDATA("value",pivot!$A$3,"bench",$D8,"config",$Z$3,"stat",AG$4) -> 6801 | AI8: =SUM(H8:O8) -> 276129 | AJ8: =SUM(Q8:X8) -> 230322 | AK8: =SUM(Z8:AG8) -> 226242 | AM8: =(AI8/$E8)*1000 -> 5.5225799 | AN8: =(AJ8/$E8)*1000 -> 4.6064399 | AO8: =(AK8/$E8)*1000 -> 4.5248399
A9: INT | B9: bzip2.chicken | D9: client_005 | E9: =GETPIVOTDATA("value",pivot!$A$3,"bench",$D9,"config",$E$3,"stat",E$4) -> 50000001 | H9: =GETPIVOTDATA("value",pivot!$A$3,"bench",$D9,"config",$H$3,"stat",H$4) -> 105545 | I9: =GETPIVOTDATA("value",pivot!$A$3,"bench",$D9,"config",$H$3,"stat",I$4) -> 6054 | J9: =GETPIVOTDATA("value",pivot!$A$3,"bench",$D9,"config",$H$3,"stat",J$4) -> 9466 | K9: =GETPIVOTDATA("value",pivot!$A$3,"bench",$D9,"config",$H$3,"stat",K$4) -> 6769 | L9: =GETPIVOTDATA("value",pivot!$A$3,"bench",$D9,"config",$H$3,"stat",L$4) -> 3571 | M9: =GETPIVOTDATA("value",pivot!$A$3,"bench",$D9,"config",$H$3,"stat",M$4) -> 11389 | N9: =GETPIVOTDATA("value",pivot!$A$3,"bench",$D9,"config",$H$3,"stat",N$4) -> 7435 | O9: =GETPIVOTDATA("value",pivot!$A$3,"bench",$D9,"config",$H$3,"stat",O$4) -> 8459 | Q9: =GETPIVOTDATA("value",pivot!$A$3,"bench",$D9,"config",$Q$3,"stat",Q$4) -> 98015 | R9: =GETPIVOTDATA("value",pivot!$A$3,"bench",$D9,"config",$Q$3,"stat",R$4) -> 4350 | S9: =GETPIVOTDATA("value",pivot!$A$3,"bench",$D9,"config",$Q$3,"stat",S$4) -> 5010 | T9: =GETPIVOTDATA("value",pivot!$A$3,"bench",$D9,"config",$Q$3,"stat",T$4) -> 2596 | U9: =GETPIVOTDATA("value",pivot!$A$3,"bench",$D9,"config",$Q$3,"stat",U$4) -> 1504 | V9: =GETPIVOTDATA("value",pivot!$A$3,"bench",$D9,"config",$Q$3,"stat",V$4) -> 5816 | W9: =GETPIVOTDATA("value",pivot!$A$3,"bench",$D9,"config",$Q$3,"stat",W$4) -> 5301 | X9: =GETPIVOTDATA("value",pivot!$A$3,"bench",$D9,"config",$Q$3,"stat",X$4) -> 2790 | Z9: =GETPIVOTDATA("value",pivot!$A$3,"bench",$D9,"config",$Z$3,"stat",Z$4) -> 98278 | AA9: =GETPIVOTDATA("value",pivot!$A$3,"bench",$D9,"config",$Z$3,"stat",AA$4) -> 3693 | AB9: =GETPIVOTDATA("value",pivot!$A$3,"bench",$D9,"config",$Z$3,"stat",AB$4) -> 3970 | AC9: =GETPIVOTDATA("value",pivot!$A$3,"bench",$D9,"config",$Z$3,"stat",AC$4) -> 2213 | AD9: =GETPIVOTDATA("value",pivot!$A$3,"bench",$D9,"config",$Z$3,"stat",AD$4) -> 1473 | AE9: =GETPIVOTDATA("value",pivot!$A$3,"bench",$D9,"config",$Z$3,"stat",AE$4) -> 8108 | AF9: =GETPIVOTDATA("value",pivot!$A$3,"bench",$D9,"config",$Z$3,"stat",AF$4) -> 7595 | AG9: =GETPIVOTDATA("value",pivot!$A$3,"bench",$D9,"config",$Z$3,"stat",AG$4) -> 1649 | AI9: =SUM(H9:O9) -> 158688 | AJ9: =SUM(Q9:X9) -> 125382 | AK9: =SUM(Z9:AG9) -> 126979 | AM9: =(AI9/$E9)*1000 -> 3.1737599 | AN9: =(AJ9/$E9)*1000 -> 2.5076399 | AO9: =(AK9/$E9)*1000 -> 2.5395799
A10: INT | B10: bzip2.liberty | D10: client_006 | E10: =GETPIVOTDATA("value",pivot!$A$3,"bench",$D10,"config",$E$3,"stat",E$4) -> 50000002 | H10: =GETPIVOTDATA("value",pivot!$A$3,"bench",$D10,"config",$H$3,"stat",H$4) -> 72902 | I10: =GETPIVOTDATA("value",pivot!$A$3,"bench",$D10,"config",$H$3,"stat",I$4) -> 5909 | J10: =GETPIVOTDATA("value",pivot!$A$3,"bench",$D10,"config",$H$3,"stat",J$4) -> 41441 | K10: =GETPIVOTDATA("value",pivot!$A$3,"bench",$D10,"config",$H$3,"stat",K$4) -> 679 | L10: =GETPIVOTDATA("value",pivot!$A$3,"bench",$D10,"config",$H$3,"stat",L$4) -> 6100 | M10: =GETPIVOTDATA("value",pivot!$A$3,"bench",$D10,"config",$H$3,"stat",M$4) -> 317 | N10: =GETPIVOTDATA("value",pivot!$A$3,"bench",$D10,"config",$H$3,"stat",N$4) -> 464 | O10: =GETPIVOTDATA("value",pivot!$A$3,"bench",$D10,"config",$H$3,"stat",O$4) -> 4221 | Q10: =GETPIVOTDATA("value",pivot!$A$3,"bench",$D10,"config",$Q$3,"stat",Q$4) -> 82992 | R10: =GETPIVOTDATA("value",pivot!$A$3,"bench",$D10,"config",$Q$3,"stat",R$4) -> 5661 | S10: =GETPIVOTDATA("value",pivot!$A$3,"bench",$D10,"config",$Q$3,"stat",S$4) -> 43793 | T10: =GETPIVOTDATA("value",pivot!$A$3,"bench",$D10,"config",$Q$3,"stat",T$4) -> 470 | U10: =GETPIVOTDATA("value",pivot!$A$3,"bench",$D10,"config",$Q$3,"stat",U$4) -> 5968 | V10: =GETPIVOTDATA("value",pivot!$A$3,"bench",$D10,"config",$Q$3,"stat",V$4) -> 113 | W10: =GETPIVOTDATA("value",pivot!$A$3,"bench",$D10,"config",$Q$3,"stat",W$4) -> 225 | X10: =GETPIVOTDATA("value",pivot!$A$3,"bench",$D10,"config",$Q$3,"stat",X$4) -> 5134 | Z10: =GETPIVOTDATA("value",pivot!$A$3,"bench",$D10,"config",$Z$3,"stat",Z$4) -> 72414 | AA10: =GETPIVOTDATA("value",pivot!$A$3,"bench",$D10,"config",$Z$3,"stat",AA$4) -> 5640 | AB10: =GETPIVOTDATA("value",pivot!$A$3,"bench",$D10,"config",$Z$3,"stat",AB$4) -> 39663 | AC10: =GETPIVOTDATA("value",pivot!$A$3,"bench",$D10,"config",$Z$3,"stat",AC$4) -> 455 | AD10: =GETPIVOTDATA("value",pivot!$A$3,"bench",$D10,"config",$Z$3,"stat",AD$4) -> 5935 | AE10: =GETPIVOTDATA("value",pivot!$A$3,"bench",$D10,"config",$Z$3,"stat",AE$4) -> 116 | AF10: =GETPIVOTDATA("value",pivot!$A$3,"bench",$D10,"config",$Z$3,"stat",AF$4) -> 1888 | AG10: =GETPIVOTDATA("value",pivot!$A$3,"bench",$D10,"config",$Z$3,"stat",AG$4) -> 3737 | AI10: =SUM(H10:O10) -> 132033 | AJ10: =SUM(Q10:X10) -> 144356 | AK10: =SUM(Z10:AG10) -> 129848 | AM10: =(AI10/$E10)*1000 -> 2.6406599 | AN10: =(AJ10/$E10)*1000 -> 2.8871199 | AO10: =(AK10/$E10)*1000 -> 2.5969599
A11: INT | B11: bzip2.program | D11: client_007 | E11: =GETPIVOTDATA("value",pivot!$A$3,"bench",$D11,"config",$E$3,"stat",E$4) -> 50000002 | H11: =GETPIVOTDATA("value",pivot!$A$3,"bench",$D11,"config",$H$3,"stat",H$4) -> 36137 | I11: =GETPIVOTDATA("value",pivot!$A$3,"bench",$D11,"config",$H$3,"stat",I$4) -> 4092 | J11: =GETPIVOTDATA("value",pivot!$A$3,"bench",$D11,"config",$H$3,"stat",J$4) -> 36257 | K11: =GETPIVOTDATA("value",pivot!$A$3,"bench",$D11,"config",$H$3,"stat",K$4) -> 767 | L11: =GETPIVOTDATA("value",pivot!$A$3,"bench",$D11,"config",$H$3,"stat",L$4) -> 4610 | M11: =GETPIVOTDATA("value",pivot!$A$3,"bench",$D11,"config",$H$3,"stat",M$4) -> 677 | N11: =GETPIVOTDATA("value",pivot!$A$3,"bench",$D11,"config",$H$3,"stat",N$4) -> 569 | O11: =GETPIVOTDATA("value",pivot!$A$3,"bench",$D11,"config",$H$3,"stat",O$4) -> 3359 | Q11: =GETPIVOTDATA("value",pivot!$A$3,"bench",$D11,"config",$Q$3,"stat",Q$4) -> 35829 | R11: =GETPIVOTDATA("value",pivot!$A$3,"bench",$D11,"config",$Q$3,"stat",R$4) -> 3968 | S11: =GETPIVOTDATA("value",pivot!$A$3,"bench",$D11,"config",$Q$3,"stat",S$4) -> 35637 | T11: =GETPIVOTDATA("value",pivot!$A$3,"bench",$D11,"config",$Q$3,"stat",T$4) -> 632 | U11: =GETPIVOTDATA("value",pivot!$A$3,"bench",$D11,"config",$Q$3,"stat",U$4) -> 4518 | V11: =GETPIVOTDATA("value",pivot!$A$3,"bench",$D11,"config",$Q$3,"stat",V$4) -> 513 | W11: =GETPIVOTDATA("value",pivot!$A$3,"bench",$D11,"config",$Q$3,"stat",W$4) -> 427 | X11: =GETPIVOTDATA("value",pivot!$A$3,"bench",$D11,"config",$Q$3,"stat",X$4) -> 6890 | Z11: =GETPIVOTDATA("value",pivot!$A$3,"bench",$D11,"config",$Z$3,"stat",Z$4) -> 35930 | AA11: =GETPIVOTDATA("value",pivot!$A$3,"bench",$D11,"config",$Z$3,"stat",AA$4) -> 3966 | AB11: =GETPIVOTDATA("value",pivot!$A$3,"bench",$D11,"config",$Z$3,"stat",AB$4) -> 35431 | AC11: =GETPIVOTDATA("value",pivot!$A$3,"bench",$D11,"config",$Z$3,"stat",AC$4) -> 629 | AD11: =GETPIVOTDATA("value",pivot!$A$3,"bench",$D11,"config",$Z$3,"stat",AD$4) -> 4523 | AE11: =GETPIVOTDATA("value",pivot!$A$3,"bench",$D11,"config",$Z$3,"stat",AE$4) -> 777 | AF11: =GETPIVOTDATA("value",pivot!$A$3,"bench",$D11,"config",$Z$3,"stat",AF$4) -> 1185 | AG11: =GETPIVOTDATA("value",pivot!$A$3,"bench",$D11,"config",$Z$3,"stat",AG$4) -> 3094 | AI11: =SUM(H11:O11) -> 86468 | AJ11: =SUM(Q11:X11) -> 88414 | AK11: =SUM(Z11:AG11) -> 85535 | AM11: =(AI11/$E11)*1000 -> 1.7293599 | AN11: =(AJ11/$E11)*1000 -> 1.7682799 | AO11: =(AK11/$E11)*1000 -> 1.7106999
A12: INT | B12: bzip2.text.html | D12: client_008 | E12: =GETPIVOTDATA("value",pivot!$A$3,"bench",$D12,"config",$E$3,"stat",E$4) -> 50000002 | H12: =GETPIVOTDATA("value",pivot!$A$3,"bench",$D12,"config",$H$3,"stat",H$4) -> 60781 | I12: =GETPIVOTDATA("value",pivot!$A$3,"bench",$D12,"config",$H$3,"stat",I$4) -> 7338 | J12: =GETPIVOTDATA("value",pivot!$A$3,"bench",$D12,"config",$H$3,"stat",J$4) -> 27914 | K12: =GETPIVOTDATA("value",pivot!$A$3,"bench",$D12,"config",$H$3,"stat",K$4) -> 34759 | L12: =GETPIVOTDATA("value",pivot!$A$3,"bench",$D12,"config",$H$3,"stat",L$4) -> 1478 | M12: =GETPIVOTDATA("value",pivot!$A$3,"bench",$D12,"config",$H$3,"stat",M$4) -> 6202 | N12: =GETPIVOTDATA("value",pivot!$A$3,"bench",$D12,"config",$H$3,"stat",N$4) -> 3947 | O12: =GETPIVOTDATA("value",pivot!$A$3,"bench",$D12,"config",$H$3,"stat",O$4) -> 27172 | Q12: =GETPIVOTDATA("value",pivot!$A$3,"bench",$D12,"config",$Q$3,"stat",Q$4) -> 57415 | R12: =GETPIVOTDATA("value",pivot!$A$3,"bench",$D12,"config",$Q$3,"stat",R$4) -> 6507 | S12: =GETPIVOTDATA("value",pivot!$A$3,"bench",$D12,"config",$Q$3,"stat",S$4) -> 51372 | T12: =GETPIVOTDATA("value",pivot!$A$3,"bench",$D12,"config",$Q$3,"stat",T$4) -> 33732 | U12: =GETPIVOTDATA("value",pivot!$A$3,"bench",$D12,"config",$Q$3,"stat",U$4) -> 890 | V12: =GETPIVOTDATA("value",pivot!$A$3,"bench",$D12,"config",$Q$3,"stat",V$4) -> 4242 | W12: =GETPIVOTDATA("value",pivot!$A$3,"bench",$D12,"config",$Q$3,"stat",W$4) -> 2612 | X12: =GETPIVOTDATA("value",pivot!$A$3,"bench",$D12,"config",$Q$3,"stat",X$4) -> 13957 | Z12: =GETPIVOTDATA("value",pivot!$A$3,"bench",$D12,"config",$Z$3,"stat",Z$4) -> 58123 | AA12: =GETPIVOTDATA("value",pivot!$A$3,"bench",$D12,"config",$Z$3,"stat",AA$4) -> 6443 | AB12: =GETPIVOTDATA("value",pivot!$A$3,"bench",$D12,"config",$Z$3,"stat",AB$4) -> 25830 | AC12: =GETPIVOTDATA("value",pivot!$A$3,"bench",$D12,"config",$Z$3,"stat",AC$4) -> 33470 | AD12: =GETPIVOTDATA("value",pivot!$A$3,"bench",$D12,"config",$Z$3,"stat",AD$4) -> 700 | AE12: =GETPIVOTDATA("value",pivot!$A$3,"bench",$D12,"config",$Z$3,"stat",AE$4) -> 6515 | AF12: =GETPIVOTDATA("value",pivot!$A$3,"bench",$D12,"config",$Z$3,"stat",AF$4) -> 10101 | AG12: =GETPIVOTDATA("value",pivot!$A$3,"bench",$D12,"config",$Z$3,"stat",AG$4) -> 25144 | AI12: =SUM(H12:O12) -> 169591 | AJ12: =SUM(Q12:X12) -> 170727 | AK12: =SUM(Z12:AG12) -> 166326 | AM12: =(AI12/$E12)*1000 -> 3.3918199 | AN12: =(AJ12/$E12)*1000 -> 3.4145399 | AO12: =(AK12/$E12)*1000 -> 3.3265199
A14: INT | B14: bzip2.combined | C14: Server workloads | D14: server_001 | E14: =GETPIVOTDATA("value",pivot!$A$3,"bench",$D14,"config",$E$3,"stat",E$4) -> 50000000 | H14: =GETPIVOTDATA("value",pivot!$A$3,"bench",$D14,"config",$H$3,"stat",H$4) -> 139686 | I14: =GETPIVOTDATA("value",pivot!$A$3,"bench",$D14,"config",$H$3,"stat",I$4) -> 3387 | J14: =GETPIVOTDATA("value",pivot!$A$3,"bench",$D14,"config",$H$3,"stat",J$4) -> 16978 | K14: =GETPIVOTDATA("value",pivot!$A$3,"bench",$D14,"config",$H$3,"stat",K$4) -> 3261 | L14: =GETPIVOTDATA("value",pivot!$A$3,"bench",$D14,"config",$H$3,"stat",L$4) -> 3306 | M14: =GETPIVOTDATA("value",pivot!$A$3,"bench",$D14,"config",$H$3,"stat",M$4) -> 3255 | N14: =GETPIVOTDATA("value",pivot!$A$3,"bench",$D14,"config",$H$3,"stat",N$4) -> 3846 | O14: =GETPIVOTDATA("value",pivot!$A$3,"bench",$D14,"config",$H$3,"stat",O$4) -> 4121 | Q14: =GETPIVOTDATA("value",pivot!$A$3,"bench",$D14,"config",$Q$3,"stat",Q$4) -> 128563 | R14: =GETPIVOTDATA("value",pivot!$A$3,"bench",$D14,"config",$Q$3,"stat",R$4) -> 992 | S14: =GETPIVOTDATA("value",pivot!$A$3,"bench",$D14,"config",$Q$3,"stat",S$4) -> 12795 | T14: =GETPIVOTDATA("value",pivot!$A$3,"bench",$D14,"config",$Q$3,"stat",T$4) -> 550 | U14: =GETPIVOTDATA("value",pivot!$A$3,"bench",$D14,"config",$Q$3,"stat",U$4) -> 1756 | V14: =GETPIVOTDATA("value",pivot!$A$3,"bench",$D14,"config",$Q$3,"stat",V$4) -> 1033 | W14: =GETPIVOTDATA("value",pivot!$A$3,"bench",$D14,"config",$Q$3,"stat",W$4) -> 1110 | X14: =GETPIVOTDATA("value",pivot!$A$3,"bench",$D14,"config",$Q$3,"stat",X$4) -> 644 | Z14: =GETPIVOTDATA("value",pivot!$A$3,"bench",$D14,"config",$Z$3,"stat",Z$4) -> 128002 | AA14: =GETPIVOTDATA("value",pivot!$A$3,"bench",$D14,"config",$Z$3,"stat",AA$4) -> 822 | AB14: =GETPIVOTDATA("value",pivot!$A$3,"bench",$D14,"config",$Z$3,"stat",AB$4) -> 12503 | AC14: =GETPIVOTDATA("value",pivot!$A$3,"bench",$D14,"config",$Z$3,"stat",AC$4) -> 323 | AD14: =GETPIVOTDATA("value",pivot!$A$3,"bench",$D14,"config",$Z$3,"stat",AD$4) -> 1577 | AE14: =GETPIVOTDATA("value",pivot!$A$3,"bench",$D14,"config",$Z$3,"stat",AE$4) -> 1088 | AF14: =GETPIVOTDATA("value",pivot!$A$3,"bench",$D14,"config",$Z$3,"stat",AF$4) -> 2181 | AG14: =GETPIVOTDATA("value",pivot!$A$3,"bench",$D14,"config",$Z$3,"stat",AG$4) -> 203 | AI14: =SUM(H14:O14) -> 177840 | AJ14: =SUM(Q14:X14) -> 147443 | AK14: =SUM(Z14:AG14) -> 146699 | AM14: =(AI14/$E14)*1000 -> 3.5568 | AN14: =(AJ14/$E14)*1000 -> 2.94886 | AO14: =(AK14/$E14)*1000 -> 2.93398
A15: FP | B15: cactusADM | D15: server_002 | E15: =GETPIVOTDATA("value",pivot!$A$3,"bench",$D15,"config",$E$3,"stat",E$4) -> 50000002 | H15: =GETPIVOTDATA("value",pivot!$A$3,"bench",$D15,"config",$H$3,"stat",H$4) -> 12 | I15: =GETPIVOTDATA("value",pivot!$A$3,"bench",$D15,"config",$H$3,"stat",I$4) -> 1 | J15: =GETPIVOTDATA("value",pivot!$A$3,"bench",$D15,"config",$H$3,"stat",J$4) -> 6 | K15: =GETPIVOTDATA("value",pivot!$A$3,"bench",$D15,"config",$H$3,"stat",K$4) -> 8 | L15: =GETPIVOTDATA("value",pivot!$A$3,"bench",$D15,"config",$H$3,"stat",L$4) -> 4 | M15: =GETPIVOTDATA("value",pivot!$A$3,"bench",$D15,"config",$H$3,"stat",M$4) -> 4 | N15: =GETPIVOTDATA("value",pivot!$A$3,"bench",$D15,"config",$H$3,"stat",N$4) -> 2 | O15: =GETPIVOTDATA("value",pivot!$A$3,"bench",$D15,"config",$H$3,"stat",O$4) -> 2 | Q15: =GETPIVOTDATA("value",pivot!$A$3,"bench",$D15,"config",$Q$3,"stat",Q$4) -> 12 | R15: =GETPIVOTDATA("value",pivot!$A$3,"bench",$D15,"config",$Q$3,"stat",R$4) -> 1 | S15: =GETPIVOTDATA("value",pivot!$A$3,"bench",$D15,"config",$Q$3,"stat",S$4) -> 4 | T15: =GETPIVOTDATA("value",pivot!$A$3,"bench",$D15,"config",$Q$3,"stat",T$4) -> 8 | U15: =GETPIVOTDATA("value",pivot!$A$3,"bench",$D15,"config",$Q$3,"stat",U$4) -> 2 | V15: =GETPIVOTDATA("value",pivot!$A$3,"bench",$D15,"config",$Q$3,"stat",V$4) -> 4 | W15: =GETPIVOTDATA("value",pivot!$A$3,"bench",$D15,"config",$Q$3,"stat",W$4) -> 2 | X15: =GETPIVOTDATA("value",pivot!$A$3,"bench",$D15,"config",$Q$3,"stat",X$4) -> 2 | Z15: =GETPIVOTDATA("value",pivot!$A$3,"bench",$D15,"config",$Z$3,"stat",Z$4) -> 10 | AA15: =GETPIVOTDATA("value",pivot!$A$3,"bench",$D15,"config",$Z$3,"stat",AA$4) -> 1 | AB15: =GETPIVOTDATA("value",pivot!$A$3,"bench",$D15,"config",$Z$3,"stat",AB$4) -> 4 | AC15: =GETPIVOTDATA("value",pivot!$A$3,"bench",$D15,"config",$Z$3,"stat",AC$4) -> 7 | AD15: =GETPIVOTDATA("value",pivot!$A$3,"bench",$D15,"config",$Z$3,"stat",AD$4) -> 1 | AE15: =GETPIVOTDATA("value",pivot!$A$3,"bench",$D15,"config",$Z$3,"stat",AE$4) -> 5 | AF15: =GETPIVOTDATA("value",pivot!$A$3,"bench",$D15,"config",$Z$3,"stat",AF$4) -> 2 | AG15: =GETPIVOTDATA("value",pivot!$A$3,"bench",$D15,"config",$Z$3,"stat",AG$4) -> 2 | AI15: =SUM(H15:O15) -> 39 | AJ15: =SUM(Q15:X15) -> 35 | AK15: =SUM(Z15:AG15) -> 32 | AM15: =(AI15/$E15)*1000 -> 0.00077999997 | AN15: =(AJ15/$E15)*1000 -> 0.00069999997 | AO15: =(AK15/$E15)*1000 -> 0.00063999997
A16: FP | B16: calculix | D16: server_003 | E16: =GETPIVOTDATA("value",pivot!$A$3,"bench",$D16,"config",$E$3,"stat",E$4) -> 50000000 | H16: =GETPIVOTDATA("value",pivot!$A$3,"bench",$D16,"config",$H$3,"stat",H$4) -> 83474 | I16: =GETPIVOTDATA("value",pivot!$A$3,"bench",$D16,"config",$H$3,"stat",I$4) -> 16325 | J16: =GETPIVOTDATA("value",pivot!$A$3,"bench",$D16,"config",$H$3,"stat",J$4) -> 34896 | K16: =GETPIVOTDATA("value",pivot!$A$3,"bench",$D16,"config",$H$3,"stat",K$4) -> 20374 | L16: =GETPIVOTDATA("value",pivot!$A$3,"bench",$D16,"config",$H$3,"stat",L$4) -> 12665 | M16: =GETPIVOTDATA("value",pivot!$A$3,"bench",$D16,"config",$H$3,"stat",M$4) -> 20993 | N16: =GETPIVOTDATA("value",pivot!$A$3,"bench",$D16,"config",$H$3,"stat",N$4) -> 25612 | O16: =GETPIVOTDATA("value",pivot!$A$3,"bench",$D16,"config",$H$3,"stat",O$4) -> 27222 | Q16: =GETPIVOTDATA("value",pivot!$A$3,"bench",$D16,"config",$Q$3,"stat",Q$4) -> 57270 | R16: =GETPIVOTDATA("value",pivot!$A$3,"bench",$D16,"config",$Q$3,"stat",R$4) -> 9154 | S16: =GETPIVOTDATA("value",pivot!$A$3,"bench",$D16,"config",$Q$3,"stat",S$4) -> 19753 | T16: =GETPIVOTDATA("value",pivot!$A$3,"bench",$D16,"config",$Q$3,"stat",T$4) -> 8535 | U16: =GETPIVOTDATA("value",pivot!$A$3,"bench",$D16,"config",$Q$3,"stat",U$4) -> 6220 | V16: =GETPIVOTDATA("value",pivot!$A$3,"bench",$D16,"config",$Q$3,"stat",V$4) -> 9499 | W16: =GETPIVOTDATA("value",pivot!$A$3,"bench",$D16,"config",$Q$3,"stat",W$4) -> 11299 | X16: =GETPIVOTDATA("value",pivot!$A$3,"bench",$D16,"config",$Q$3,"stat",X$4) -> 12064 | Z16: =GETPIVOTDATA("value",pivot!$A$3,"bench",$D16,"config",$Z$3,"stat",Z$4) -> #REF! | AA16: =GETPIVOTDATA("value",pivot!$A$3,"bench",$D16,"config",$Z$3,"stat",AA$4) -> #REF! | AB16: =GETPIVOTDATA("value",pivot!$A$3,"bench",$D16,"config",$Z$3,"stat",AB$4) -> #REF! | AC16: =GETPIVOTDATA("value",pivot!$A$3,"bench",$D16,"config",$Z$3,"stat",AC$4) -> #REF! | AD16: =GETPIVOTDATA("value",pivot!$A$3,"bench",$D16,"config",$Z$3,"stat",AD$4) -> #REF! | AE16: =GETPIVOTDATA("value",pivot!$A$3,"bench",$D16,"config",$Z$3,"stat",AE$4) -> #REF! | AF16: =GETPIVOTDATA("value",pivot!$A$3,"bench",$D16,"config",$Z$3,"stat",AF$4) -> #REF! | AG16: =GETPIVOTDATA("value",pivot!$A$3,"bench",$D16,"config",$Z$3,"stat",AG$4) -> #REF! | AI16: =SUM(H16:O16) -> 241561 | AJ16: =SUM(Q16:X16) -> 133794 | AK16: =SUM(Z16:AG16) -> #REF! | AM16: =(AI16/$E16)*1000 -> 4.83122 | AN16: =(AJ16/$E16)*1000 -> 2.67588 | AO16: =(AK16/$E16)*1000 -> #REF!
A17: FP | B17: dealII | D17: server_004 | E17: =GETPIVOTDATA("value",pivot!$A$3,"bench",$D17,"config",$E$3,"stat",E$4) -> #REF! | H17: =GETPIVOTDATA("value",pivot!$A$3,"bench",$D17,"config",$H$3,"stat",H$4) -> #REF! | I17: =GETPIVOTDATA("value",pivot!$A$3,"bench",$D17,"config",$H$3,"stat",I$4) -> #REF! | J17: =GETPIVOTDATA("value",pivot!$A$3,"bench",$D17,"config",$H$3,"stat",J$4) -> #REF! | K17: =GETPIVOTDATA("value",pivot!$A$3,"bench",$D17,"config",$H$3,"stat",K$4) -> #REF! | L17: =GETPIVOTDATA("value",pivot!$A$3,"bench",$D17,"config",$H$3,"stat",L$4) -> #REF! | M17: =GETPIVOTDATA("value",pivot!$A$3,"bench",$D17,"config",$H$3,"stat",M$4) -> #REF! | N17: =GETPIVOTDATA("value",pivot!$A$3,"bench",$D17,"config",$H$3,"stat",N$4) -> #REF! | O17: =GETPIVOTDATA("value",pivot!$A$3,"bench",$D17,"config",$H$3,"stat",O$4) -> #REF! | Q17: =GETPIVOTDATA("value",pivot!$A$3,"bench",$D17,"config",$Q$3,"stat",Q$4) -> #REF! | R17: =GETPIVOTDATA("value",pivot!$A$3,"bench",$D17,"config",$Q$3,"stat",R$4) -> #REF! | S17: =GETPIVOTDATA("value",pivot!$A$3,"bench",$D17,"config",$Q$3,"stat",S$4) -> #REF! | T17: =GETPIVOTDATA("value",pivot!$A$3,"bench",$D17,"config",$Q$3,"stat",T$4) -> #REF! | U17: =GETPIVOTDATA("value",pivot!$A$3,"bench",$D17,"config",$Q$3,"stat",U$4) -> #REF! | V17: =GETPIVOTDATA("value",pivot!$A$3,"bench",$D17,"config",$Q$3,"stat",V$4) -> #REF! | W17: =GETPIVOTDATA("value",pivot!$A$3,"bench",$D17,"config",$Q$3,"stat",W$4) -> #REF! | X17: =GETPIVOTDATA("value",pivot!$A$3,"bench",$D17,"config",$Q$3,"stat",X$4) -> #REF! | Z17: =GETPIVOTDATA("value",pivot!$A$3,"bench",$D17,"config",$Z$3,"stat",Z$4) -> 33052 | AA17: =GETPIVOTDATA("value",pivot!$A$3,"bench",$D17,"config",$Z$3,"stat",AA$4) -> 291538 | AB17: =GETPIVOTDATA("value",pivot!$A$3,"bench",$D17,"config",$Z$3,"stat",AB$4) -> 11151 | AC17: =GETPIVOTDATA("value",pivot!$A$3,"bench",$D17,"config",$Z$3,"stat",AC$4) -> 6322 | AD17: =GETPIVOTDATA("value",pivot!$A$3,"bench",$D17,"config",$Z$3,"stat",AD$4) -> 6006 | AE17: =GETPIVOTDATA("value",pivot!$A$3,"bench",$D17,"config",$Z$3,"stat",AE$4) -> 13926 | AF17: =GETPIVOTDATA("value",pivot!$A$3,"bench",$D17,"config",$Z$3,"stat",AF$4) -> 24893 | AG17: =GETPIVOTDATA("value",pivot!$A$3,"bench",$D17,"config",$Z$3,"stat",AG$4) -> 2634 | AI17: =SUM(H17:O17) -> #REF! | AJ17: =SUM(Q17:X17) -> #REF! | AK17: =SUM(Z17:AG17) -> 389522 | AM17: =(AI17/$E17)*1000 -> #REF! | AN17: =(AJ17/$E17)*1000 -> #REF! | AO17: =(AK17/$E17)*1000 -> #REF!
A18: FP | B18: gamess.cytosine | D18: server_009 | E18: =GETPIVOTDATA("value",pivot!$A$3,"bench",$D18,"config",$E$3,"stat",E$4) -> 50000002 | H18: =GETPIVOTDATA("value",pivot!$A$3,"bench",$D18,"config",$H$3,"stat",H$4) -> 73122 | I18: =GETPIVOTDATA("value",pivot!$A$3,"bench",$D18,"config",$H$3,"stat",I$4) -> 355222 | J18: =GETPIVOTDATA("value",pivot!$A$3,"bench",$D18,"config",$H$3,"stat",J$4) -> 29916 | K18: =GETPIVOTDATA("value",pivot!$A$3,"bench",$D18,"config",$H$3,"stat",K$4) -> 16923 | L18: =GETPIVOTDATA("value",pivot!$A$3,"bench",$D18,"config",$H$3,"stat",L$4) -> 13486 | M18: =GETPIVOTDATA("value",pivot!$A$3,"bench",$D18,"config",$H$3,"stat",M$4) -> 20740 | N18: =GETPIVOTDATA("value",pivot!$A$3,"bench",$D18,"config",$H$3,"stat",N$4) -> 24101 | O18: =GETPIVOTDATA("value",pivot!$A$3,"bench",$D18,"config",$H$3,"stat",O$4) -> 23616 | Q18: =GETPIVOTDATA("value",pivot!$A$3,"bench",$D18,"config",$Q$3,"stat",Q$4) -> 35715 | R18: =GETPIVOTDATA("value",pivot!$A$3,"bench",$D18,"config",$Q$3,"stat",R$4) -> 346713 | S18: =GETPIVOTDATA("value",pivot!$A$3,"bench",$D18,"config",$Q$3,"stat",S$4) -> 8955 | T18: =GETPIVOTDATA("value",pivot!$A$3,"bench",$D18,"config",$Q$3,"stat",T$4) -> 2817 | U18: =GETPIVOTDATA("value",pivot!$A$3,"bench",$D18,"config",$Q$3,"stat",U$4) -> 5397 | V18: =GETPIVOTDATA("value",pivot!$A$3,"bench",$D18,"config",$Q$3,"stat",V$4) -> 5759 | W18: =GETPIVOTDATA("value",pivot!$A$3,"bench",$D18,"config",$Q$3,"stat",W$4) -> 5123 | X18: =GETPIVOTDATA("value",pivot!$A$3,"bench",$D18,"config",$Q$3,"stat",X$4) -> 3806 | Z18: =GETPIVOTDATA("value",pivot!$A$3,"bench",$D18,"config",$Z$3,"stat",Z$4) -> 29936 | AA18: =GETPIVOTDATA("value",pivot!$A$3,"bench",$D18,"config",$Z$3,"stat",AA$4) -> 345739 | AB18: =GETPIVOTDATA("value",pivot!$A$3,"bench",$D18,"config",$Z$3,"stat",AB$4) -> 6926 | AC18: =GETPIVOTDATA("value",pivot!$A$3,"bench",$D18,"config",$Z$3,"stat",AC$4) -> 1763 | AD18: =GETPIVOTDATA("value",pivot!$A$3,"bench",$D18,"config",$Z$3,"stat",AD$4) -> 4802 | AE18: =GETPIVOTDATA("value",pivot!$A$3,"bench",$D18,"config",$Z$3,"stat",AE$4) -> 6817 | AF18: =GETPIVOTDATA("value",pivot!$A$3,"bench",$D18,"config",$Z$3,"stat",AF$4) -> 15757 | AG18: =GETPIVOTDATA("value",pivot!$A$3,"bench",$D18,"config",$Z$3,"stat",AG$4) -> 503 | AI18: =SUM(H18:O18) -> 557126 | AJ18: =SUM(Q18:X18) -> 414285 | AK18: =SUM(Z18:AG18) -> 412243 | AM18: =(AI18/$E18)*1000 -> 11.14252 | AN18: =(AJ18/$E18)*1000 -> 8.2856997 | AO18: =(AK18/$E18)*1000 -> 8.2448597
A19: FP | B19: gamess.h2ocu2 | D19: server_010 | E19: =GETPIVOTDATA("value",pivot!$A$3,"bench",$D19,"config",$E$3,"stat",E$4) -> 50000000 | H19: =GETPIVOTDATA("value",pivot!$A$3,"bench",$D19,"config",$H$3,"stat",H$4) -> 81284 | I19: =GETPIVOTDATA("value",pivot!$A$3,"bench",$D19,"config",$H$3,"stat",I$4) -> 203271 | J19: =GETPIVOTDATA("value",pivot!$A$3,"bench",$D19,"config",$H$3,"stat",J$4) -> 33511 | K19: =GETPIVOTDATA("value",pivot!$A$3,"bench",$D19,"config",$H$3,"stat",K$4) -> 19173 | L19: =GETPIVOTDATA("value",pivot!$A$3,"bench",$D19,"config",$H$3,"stat",L$4) -> 15370 | M19: =GETPIVOTDATA("value",pivot!$A$3,"bench",$D19,"config",$H$3,"stat",M$4) -> 23751 | N19: =GETPIVOTDATA("value",pivot!$A$3,"bench",$D19,"config",$H$3,"stat",N$4) -> 27289 | O19: =GETPIVOTDATA("value",pivot!$A$3,"bench",$D19,"config",$H$3,"stat",O$4) -> 27024 | Q19: =GETPIVOTDATA("value",pivot!$A$3,"bench",$D19,"config",$Q$3,"stat",Q$4) -> 39104 | R19: =GETPIVOTDATA("value",pivot!$A$3,"bench",$D19,"config",$Q$3,"stat",R$4) -> 193409 | S19: =GETPIVOTDATA("value",pivot!$A$3,"bench",$D19,"config",$Q$3,"stat",S$4) -> 9437 | T19: =GETPIVOTDATA("value",pivot!$A$3,"bench",$D19,"config",$Q$3,"stat",T$4) -> 2863 | U19: =GETPIVOTDATA("value",pivot!$A$3,"bench",$D19,"config",$Q$3,"stat",U$4) -> 5828 | V19: =GETPIVOTDATA("value",pivot!$A$3,"bench",$D19,"config",$Q$3,"stat",V$4) -> 5849 | W19: =GETPIVOTDATA("value",pivot!$A$3,"bench",$D19,"config",$Q$3,"stat",W$4) -> 5695 | X19: =GETPIVOTDATA("value",pivot!$A$3,"bench",$D19,"config",$Q$3,"stat",X$4) -> 4018 | Z19: =GETPIVOTDATA("value",pivot!$A$3,"bench",$D19,"config",$Z$3,"stat",Z$4) -> 32825 | AA19: =GETPIVOTDATA("value",pivot!$A$3,"bench",$D19,"config",$Z$3,"stat",AA$4) -> 192289 | AB19: =GETPIVOTDATA("value",pivot!$A$3,"bench",$D19,"config",$Z$3,"stat",AB$4) -> 7417 | AC19: =GETPIVOTDATA("value",pivot!$A$3,"bench",$D19,"config",$Z$3,"stat",AC$4) -> 1874 | AD19: =GETPIVOTDATA("value",pivot!$A$3,"bench",$D19,"config",$Z$3,"stat",AD$4) -> 5263 | AE19: =GETPIVOTDATA("value",pivot!$A$3,"bench",$D19,"config",$Z$3,"stat",AE$4) -> 7781 | AF19: =GETPIVOTDATA("value",pivot!$A$3,"bench",$D19,"config",$Z$3,"stat",AF$4) -> 17539 | AG19: =GETPIVOTDATA("value",pivot!$A$3,"bench",$D19,"config",$Z$3,"stat",AG$4) -> 431 | AI19: =SUM(H19:O19) -> 430673 | AJ19: =SUM(Q19:X19) -> 266203 | AK19: =SUM(Z19:AG19) -> 265419 | AM19: =(AI19/$E19)*1000 -> 8.61346 | AN19: =(AJ19/$E19)*1000 -> 5.32406 | AO19: =(AK19/$E19)*1000 -> 5.30838
A20: FP | B20: gamess.trazolium | D20: server_011 | E20: =GETPIVOTDATA("value",pivot!$A$3,"bench",$D20,"config",$E$3,"stat",E$4) -> 50000001 | H20: =GETPIVOTDATA("value",pivot!$A$3,"bench",$D20,"config",$H$3,"stat",H$4) -> 82737 | I20: =GETPIVOTDATA("value",pivot!$A$3,"bench",$D20,"config",$H$3,"stat",I$4) -> 15322 | J20: =GETPIVOTDATA("value",pivot!$A$3,"bench",$D20,"config",$H$3,"stat",J$4) -> 32992 | K20: =GETPIVOTDATA("value",pivot!$A$3,"bench",$D20,"config",$H$3,"stat",K$4) -> 23081 | L20: =GETPIVOTDATA("value",pivot!$A$3,"bench",$D20,"config",$H$3,"stat",L$4) -> 15999 | M20: =GETPIVOTDATA("value",pivot!$A$3,"bench",$D20,"config",$H$3,"stat",M$4) -> 24772 | N20: =GETPIVOTDATA("value",pivot!$A$3,"bench",$D20,"config",$H$3,"stat",N$4) -> 30493 | O20: =GETPIVOTDATA("value",pivot!$A$3,"bench",$D20,"config",$H$3,"stat",O$4) -> 28766 | Q20: =GETPIVOTDATA("value",pivot!$A$3,"bench",$D20,"config",$Q$3,"stat",Q$4) -> 43757 | R20: =GETPIVOTDATA("value",pivot!$A$3,"bench",$D20,"config",$Q$3,"stat",R$4) -> 5600 | S20: =GETPIVOTDATA("value",pivot!$A$3,"bench",$D20,"config",$Q$3,"stat",S$4) -> 13299 | T20: =GETPIVOTDATA("value",pivot!$A$3,"bench",$D20,"config",$Q$3,"stat",T$4) -> 7553 | U20: =GETPIVOTDATA("value",pivot!$A$3,"bench",$D20,"config",$Q$3,"stat",U$4) -> 7136 | V20: =GETPIVOTDATA("value",pivot!$A$3,"bench",$D20,"config",$Q$3,"stat",V$4) -> 9035 | W20: =GETPIVOTDATA("value",pivot!$A$3,"bench",$D20,"config",$Q$3,"stat",W$4) -> 10514 | X20: =GETPIVOTDATA("value",pivot!$A$3,"bench",$D20,"config",$Q$3,"stat",X$4) -> 8483 | Z20: =GETPIVOTDATA("value",pivot!$A$3,"bench",$D20,"config",$Z$3,"stat",Z$4) -> 36573 | AA20: =GETPIVOTDATA("value",pivot!$A$3,"bench",$D20,"config",$Z$3,"stat",AA$4) -> 3816 | AB20: =GETPIVOTDATA("value",pivot!$A$3,"bench",$D20,"config",$Z$3,"stat",AB$4) -> 10764 | AC20: =GETPIVOTDATA("value",pivot!$A$3,"bench",$D20,"config",$Z$3,"stat",AC$4) -> 6333 | AD20: =GETPIVOTDATA("value",pivot!$A$3,"bench",$D20,"config",$Z$3,"stat",AD$4) -> 6427 | AE20: =GETPIVOTDATA("value",pivot!$A$3,"bench",$D20,"config",$Z$3,"stat",AE$4) -> 10912 | AF20: =GETPIVOTDATA("value",pivot!$A$3,"bench",$D20,"config",$Z$3,"stat",AF$4) -> 23429 | AG20: =GETPIVOTDATA("value",pivot!$A$3,"bench",$D20,"config",$Z$3,"stat",AG$4) -> 2908 | AI20: =SUM(H20:O20) -> 254162 | AJ20: =SUM(Q20:X20) -> 105377 | AK20: =SUM(Z20:AG20) -> 101162 | AM20: =(AI20/$E20)*1000 -> 5.0832399 | AN20: =(AJ20/$E20)*1000 -> 2.10754 | AO20: =(AK20/$E20)*1000 -> 2.02324
A21: INT | B21: gcc.166 | D21: server_012 | E21: =GETPIVOTDATA("value",pivot!$A$3,"bench",$D21,"config",$E$3,"stat",E$4) -> 50000001 | H21: =GETPIVOTDATA("value",pivot!$A$3,"bench",$D21,"config",$H$3,"stat",H$4) -> 90261 | I21: =GETPIVOTDATA("value",pivot!$A$3,"bench",$D21,"config",$H$3,"stat",I$4) -> 12955 | J21: =GETPIVOTDATA("value",pivot!$A$3,"bench",$D21,"config",$H$3,"stat",J$4) -> 34842 | K21: =GETPIVOTDATA("value",pivot!$A$3,"bench",$D21,"config",$H$3,"stat",K$4) -> 20857 | L21: =GETPIVOTDATA("value",pivot!$A$3,"bench",$D21,"config",$H$3,"stat",L$4) -> 16864 | M21: =GETPIVOTDATA("value",pivot!$A$3,"bench",$D21,"config",$H$3,"stat",M$4) -> 25957 | N21: =GETPIVOTDATA("value",pivot!$A$3,"bench",$D21,"config",$H$3,"stat",N$4) -> 29976 | O21: =GETPIVOTDATA("value",pivot!$A$3,"bench",$D21,"config",$H$3,"stat",O$4) -> 29216 | Q21: =GETPIVOTDATA("value",pivot!$A$3,"bench",$D21,"config",$Q$3,"stat",Q$4) -> 43605 | R21: =GETPIVOTDATA("value",pivot!$A$3,"bench",$D21,"config",$Q$3,"stat",R$4) -> 2166 | S21: =GETPIVOTDATA("value",pivot!$A$3,"bench",$D21,"config",$Q$3,"stat",S$4) -> 10324 | T21: =GETPIVOTDATA("value",pivot!$A$3,"bench",$D21,"config",$Q$3,"stat",T$4) -> 3010 | U21: =GETPIVOTDATA("value",pivot!$A$3,"bench",$D21,"config",$Q$3,"stat",U$4) -> 6531 | V21: =GETPIVOTDATA("value",pivot!$A$3,"bench",$D21,"config",$Q$3,"stat",V$4) -> 6410 | W21: =GETPIVOTDATA("value",pivot!$A$3,"bench",$D21,"config",$Q$3,"stat",W$4) -> 5937 | X21: =GETPIVOTDATA("value",pivot!$A$3,"bench",$D21,"config",$Q$3,"stat",X$4) -> 4193 | Z21: =GETPIVOTDATA("value",pivot!$A$3,"bench",$D21,"config",$Z$3,"stat",Z$4) -> 36546 | AA21: =GETPIVOTDATA("value",pivot!$A$3,"bench",$D21,"config",$Z$3,"stat",AA$4) -> 915 | AB21: =GETPIVOTDATA("value",pivot!$A$3,"bench",$D21,"config",$Z$3,"stat",AB$4) -> 8090 | AC21: =GETPIVOTDATA("value",pivot!$A$3,"bench",$D21,"config",$Z$3,"stat",AC$4) -> 1839 | AD21: =GETPIVOTDATA("value",pivot!$A$3,"bench",$D21,"config",$Z$3,"stat",AD$4) -> 5833 | AE21: =GETPIVOTDATA("value",pivot!$A$3,"bench",$D21,"config",$Z$3,"stat",AE$4) -> 8369 | AF21: =GETPIVOTDATA("value",pivot!$A$3,"bench",$D21,"config",$Z$3,"stat",AF$4) -> 19112 | AG21: =GETPIVOTDATA("value",pivot!$A$3,"bench",$D21,"config",$Z$3,"stat",AG$4) -> 380 | AI21: =SUM(H21:O21) -> 260928 | AJ21: =SUM(Q21:X21) -> 82176 | AK21: =SUM(Z21:AG21) -> 81084 | AM21: =(AI21/$E21)*1000 -> 5.2185599 | AN21: =(AJ21/$E21)*1000 -> 1.64352 | AO21: =(AK21/$E21)*1000 -> 1.62168
A22: INT | B22: gcc.200 | D22: server_013 | E22: =GETPIVOTDATA("value",pivot!$A$3,"bench",$D22,"config",$E$3,"stat",E$4) -> 50000000 | H22: =GETPIVOTDATA("value",pivot!$A$3,"bench",$D22,"config",$H$3,"stat",H$4) -> 90399 | I22: =GETPIVOTDATA("value",pivot!$A$3,"bench",$D22,"config",$H$3,"stat",I$4) -> 15254 | J22: =GETPIVOTDATA("value",pivot!$A$3,"bench",$D22,"config",$H$3,"stat",J$4) -> 33186 | K22: =GETPIVOTDATA("value",pivot!$A$3,"bench",$D22,"config",$H$3,"stat",K$4) -> 22242 | L22: =GETPIVOTDATA("value",pivot!$A$3,"bench",$D22,"config",$H$3,"stat",L$4) -> 17866 | M22: =GETPIVOTDATA("value",pivot!$A$3,"bench",$D22,"config",$H$3,"stat",M$4) -> 25386 | N22: =GETPIVOTDATA("value",pivot!$A$3,"bench",$D22,"config",$H$3,"stat",N$4) -> 33137 | O22: =GETPIVOTDATA("value",pivot!$A$3,"bench",$D22,"config",$H$3,"stat",O$4) -> 30815 | Q22: =GETPIVOTDATA("value",pivot!$A$3,"bench",$D22,"config",$Q$3,"stat",Q$4) -> 41373 | R22: =GETPIVOTDATA("value",pivot!$A$3,"bench",$D22,"config",$Q$3,"stat",R$4) -> 3023 | S22: =GETPIVOTDATA("value",pivot!$A$3,"bench",$D22,"config",$Q$3,"stat",S$4) -> 9285 | T22: =GETPIVOTDATA("value",pivot!$A$3,"bench",$D22,"config",$Q$3,"stat",T$4) -> 3666 | U22: =GETPIVOTDATA("value",pivot!$A$3,"bench",$D22,"config",$Q$3,"stat",U$4) -> 7169 | V22: =GETPIVOTDATA("value",pivot!$A$3,"bench",$D22,"config",$Q$3,"stat",V$4) -> 7100 | W22: =GETPIVOTDATA("value",pivot!$A$3,"bench",$D22,"config",$Q$3,"stat",W$4) -> 8417 | X22: =GETPIVOTDATA("value",pivot!$A$3,"bench",$D22,"config",$Q$3,"stat",X$4) -> 4836 | Z22: =GETPIVOTDATA("value",pivot!$A$3,"bench",$D22,"config",$Z$3,"stat",Z$4) -> 33576 | AA22: =GETPIVOTDATA("value",pivot!$A$3,"bench",$D22,"config",$Z$3,"stat",AA$4) -> 1433 | AB22: =GETPIVOTDATA("value",pivot!$A$3,"bench",$D22,"config",$Z$3,"stat",AB$4) -> 6259 | AC22: =GETPIVOTDATA("value",pivot!$A$3,"bench",$D22,"config",$Z$3,"stat",AC$4) -> 2163 | AD22: =GETPIVOTDATA("value",pivot!$A$3,"bench",$D22,"config",$Z$3,"stat",AD$4) -> 5858 | AE22: =GETPIVOTDATA("value",pivot!$A$3,"bench",$D22,"config",$Z$3,"stat",AE$4) -> 7570 | AF22: =GETPIVOTDATA("value",pivot!$A$3,"bench",$D22,"config",$Z$3,"stat",AF$4) -> 21746 | AG22: =GETPIVOTDATA("value",pivot!$A$3,"bench",$D22,"config",$Z$3,"stat",AG$4) -> 552 | AI22: =SUM(H22:O22) -> 268285 | AJ22: =SUM(Q22:X22) -> 84869 | AK22: =SUM(Z22:AG22) -> 79157 | AM22: =(AI22/$E22)*1000 -> 5.3657 | AN22: =(AJ22/$E22)*1000 -> 1.69738 | AO22: =(AK22/$E22)*1000 -> 1.58314
A23: INT | B23: gcc.c-typeck | D23: server_014 | E23: =GETPIVOTDATA("value",pivot!$A$3,"bench",$D23,"config",$E$3,"stat",E$4) -> 50000000 | H23: =GETPIVOTDATA("value",pivot!$A$3,"bench",$D23,"config",$H$3,"stat",H$4) -> 13469 | I23: =GETPIVOTDATA("value",pivot!$A$3,"bench",$D23,"config",$H$3,"stat",I$4) -> 523 | J23: =GETPIVOTDATA("value",pivot!$A$3,"bench",$D23,"config",$H$3,"stat",J$4) -> 1028 | K23: =GETPIVOTDATA("value",pivot!$A$3,"bench",$D23,"config",$H$3,"stat",K$4) -> 823 | L23: =GETPIVOTDATA("value",pivot!$A$3,"bench",$D23,"config",$H$3,"stat",L$4) -> 523 | M23: =GETPIVOTDATA("value",pivot!$A$3,"bench",$D23,"config",$H$3,"stat",M$4) -> 1287 | N23: =GETPIVOTDATA("value",pivot!$A$3,"bench",$D23,"config",$H$3,"stat",N$4) -> 565 | O23: =GETPIVOTDATA("value",pivot!$A$3,"bench",$D23,"config",$H$3,"stat",O$4) -> 1030 | Q23: =GETPIVOTDATA("value",pivot!$A$3,"bench",$D23,"config",$Q$3,"stat",Q$4) -> 13009 | R23: =GETPIVOTDATA("value",pivot!$A$3,"bench",$D23,"config",$Q$3,"stat",R$4) -> 236 | S23: =GETPIVOTDATA("value",pivot!$A$3,"bench",$D23,"config",$Q$3,"stat",S$4) -> 434 | T23: =GETPIVOTDATA("value",pivot!$A$3,"bench",$D23,"config",$Q$3,"stat",T$4) -> 305 | U23: =GETPIVOTDATA("value",pivot!$A$3,"bench",$D23,"config",$Q$3,"stat",U$4) -> 238 | V23: =GETPIVOTDATA("value",pivot!$A$3,"bench",$D23,"config",$Q$3,"stat",V$4) -> 682 | W23: =GETPIVOTDATA("value",pivot!$A$3,"bench",$D23,"config",$Q$3,"stat",W$4) -> 290 | X23: =GETPIVOTDATA("value",pivot!$A$3,"bench",$D23,"config",$Q$3,"stat",X$4) -> 363 | Z23: =GETPIVOTDATA("value",pivot!$A$3,"bench",$D23,"config",$Z$3,"stat",Z$4) -> 12816 | AA23: =GETPIVOTDATA("value",pivot!$A$3,"bench",$D23,"config",$Z$3,"stat",AA$4) -> 146 | AB23: =GETPIVOTDATA("value",pivot!$A$3,"bench",$D23,"config",$Z$3,"stat",AB$4) -> 271 | AC23: =GETPIVOTDATA("value",pivot!$A$3,"bench",$D23,"config",$Z$3,"stat",AC$4) -> 205 | AD23: =GETPIVOTDATA("value",pivot!$A$3,"bench",$D23,"config",$Z$3,"stat",AD$4) -> 157 | AE23: =GETPIVOTDATA("value",pivot!$A$3,"bench",$D23,"config",$Z$3,"stat",AE$4) -> 583 | AF23: =GETPIVOTDATA("value",pivot!$A$3,"bench",$D23,"config",$Z$3,"stat",AF$4) -> 362 | AG23: =GETPIVOTDATA("value",pivot!$A$3,"bench",$D23,"config",$Z$3,"stat",AG$4) -> 98 | AI23: =SUM(H23:O23) -> 19248 | AJ23: =SUM(Q23:X23) -> 15557 | AK23: =SUM(Z23:AG23) -> 14638 | AM23: =(AI23/$E23)*1000 -> 0.38496 | AN23: =(AJ23/$E23)*1000 -> 0.31114 | AO23: =(AK23/$E23)*1000 -> 0.29276
A24: INT | B24: gcc.cp-decl | D24: server_015 | E24: =GETPIVOTDATA("value",pivot!$A$3,"bench",$D24,"config",$E$3,"stat",E$4) -> 50000002 | H24: =GETPIVOTDATA("value",pivot!$A$3,"bench",$D24,"config",$H$3,"stat",H$4) -> 11 | I24: =GETPIVOTDATA("value",pivot!$A$3,"bench",$D24,"config",$H$3,"stat",I$4) -> 2 | J24: =GETPIVOTDATA("value",pivot!$A$3,"bench",$D24,"config",$H$3,"stat",J$4) -> 2 | K24: =GETPIVOTDATA("value",pivot!$A$3,"bench",$D24,"config",$H$3,"stat",K$4) -> 8 | L24: =GETPIVOTDATA("value",pivot!$A$3,"bench",$D24,"config",$H$3,"stat",L$4) -> 1 | M24: =GETPIVOTDATA("value",pivot!$A$3,"bench",$D24,"config",$H$3,"stat",M$4) -> 3 | N24: =GETPIVOTDATA("value",pivot!$A$3,"bench",$D24,"config",$H$3,"stat",N$4) -> 1 | O24: =GETPIVOTDATA("value",pivot!$A$3,"bench",$D24,"config",$H$3,"stat",O$4) -> 2 | Q24: =GETPIVOTDATA("value",pivot!$A$3,"bench",$D24,"config",$Q$3,"stat",Q$4) -> 11 | R24: =GETPIVOTDATA("value",pivot!$A$3,"bench",$D24,"config",$Q$3,"stat",R$4) -> 2 | S24: =GETPIVOTDATA("value",pivot!$A$3,"bench",$D24,"config",$Q$3,"stat",S$4) -> 2 | T24: =GETPIVOTDATA("value",pivot!$A$3,"bench",$D24,"config",$Q$3,"stat",T$4) -> 8 | U24: =GETPIVOTDATA("value",pivot!$A$3,"bench",$D24,"config",$Q$3,"stat",U$4) -> 1 | V24: =GETPIVOTDATA("value",pivot!$A$3,"bench",$D24,"config",$Q$3,"stat",V$4) -> 3 | W24: =GETPIVOTDATA("value",pivot!$A$3,"bench",$D24,"config",$Q$3,"stat",W$4) -> 1 | X24: =GETPIVOTDATA("value",pivot!$A$3,"bench",$D24,"config",$Q$3,"stat",X$4) -> 2 | Z24: =GETPIVOTDATA("value",pivot!$A$3,"bench",$D24,"config",$Z$3,"stat",Z$4) -> 11 | AA24: =GETPIVOTDATA("value",pivot!$A$3,"bench",$D24,"config",$Z$3,"stat",AA$4) -> 2 | AB24: =GETPIVOTDATA("value",pivot!$A$3,"bench",$D24,"config",$Z$3,"stat",AB$4) -> 2 | AC24: =GETPIVOTDATA("value",pivot!$A$3,"bench",$D24,"config",$Z$3,"stat",AC$4) -> 8 | AD24: =GETPIVOTDATA("value",pivot!$A$3,"bench",$D24,"config",$Z$3,"stat",AD$4) -> 1 | AE24: =GETPIVOTDATA("value",pivot!$A$3,"bench",$D24,"config",$Z$3,"stat",AE$4) -> 3 | AF24: =GETPIVOTDATA("value",pivot!$A$3,"bench",$D24,"config",$Z$3,"stat",AF$4) -> 1 | AG24: =GETPIVOTDATA("value",pivot!$A$3,"bench",$D24,"config",$Z$3,"stat",AG$4) -> 2 | AI24: =SUM(H24:O24) -> 30 | AJ24: =SUM(Q24:X24) -> 30 | AK24: =SUM(Z24:AG24) -> 30 | AM24: =(AI24/$E24)*1000 -> 0.00059999998 | AN24: =(AJ24/$E24)*1000 -> 0.00059999998 | AO24: =(AK24/$E24)*1000 -> 0.00059999998
A25: INT | D25: server_016 | E25: =GETPIVOTDATA("value",pivot!$A$3,"bench",$D25,"config",$E$3,"stat",E$4) -> 50000000 | H25: =GETPIVOTDATA("value",pivot!$A$3,"bench",$D25,"config",$H$3,"stat",H$4) -> 105831 | I25: =GETPIVOTDATA("value",pivot!$A$3,"bench",$D25,"config",$H$3,"stat",I$4) -> 15601 | J25: =GETPIVOTDATA("value",pivot!$A$3,"bench",$D25,"config",$H$3,"stat",J$4) -> 27939 | K25: =GETPIVOTDATA("value",pivot!$A$3,"bench",$D25,"config",$H$3,"stat",K$4) -> 23943 | L25: =GETPIVOTDATA("value",pivot!$A$3,"bench",$D25,"config",$H$3,"stat",L$4) -> 13835 | M25: =GETPIVOTDATA("value",pivot!$A$3,"bench",$D25,"config",$H$3,"stat",M$4) -> 19283 | N25: =GETPIVOTDATA("value",pivot!$A$3,"bench",$D25,"config",$H$3,"stat",N$4) -> 18710 | O25: =GETPIVOTDATA("value",pivot!$A$3,"bench",$D25,"config",$H$3,"stat",O$4) -> 24429 | Q25: =GETPIVOTDATA("value",pivot!$A$3,"bench",$D25,"config",$Q$3,"stat",Q$4) -> 94390 | R25: =GETPIVOTDATA("value",pivot!$A$3,"bench",$D25,"config",$Q$3,"stat",R$4) -> 7509 | S25: =GETPIVOTDATA("value",pivot!$A$3,"bench",$D25,"config",$Q$3,"stat",S$4) -> 11042 | T25: =GETPIVOTDATA("value",pivot!$A$3,"bench",$D25,"config",$Q$3,"stat",T$4) -> 8419 | U25: =GETPIVOTDATA("value",pivot!$A$3,"bench",$D25,"config",$Q$3,"stat",U$4) -> 3179 | V25: =GETPIVOTDATA("value",pivot!$A$3,"bench",$D25,"config",$Q$3,"stat",V$4) -> 4599 | W25: =GETPIVOTDATA("value",pivot!$A$3,"bench",$D25,"config",$Q$3,"stat",W$4) -> 6152 | X25: =GETPIVOTDATA("value",pivot!$A$3,"bench",$D25,"config",$Q$3,"stat",X$4) -> 3158 | Z25: =GETPIVOTDATA("value",pivot!$A$3,"bench",$D25,"config",$Z$3,"stat",Z$4) -> 95470 | AA25: =GETPIVOTDATA("value",pivot!$A$3,"bench",$D25,"config",$Z$3,"stat",AA$4) -> 7329 | AB25: =GETPIVOTDATA("value",pivot!$A$3,"bench",$D25,"config",$Z$3,"stat",AB$4) -> 12956 | AC25: =GETPIVOTDATA("value",pivot!$A$3,"bench",$D25,"config",$Z$3,"stat",AC$4) -> 8285 | AD25: =GETPIVOTDATA("value",pivot!$A$3,"bench",$D25,"config",$Z$3,"stat",AD$4) -> 4444 | AE25: =GETPIVOTDATA("value",pivot!$A$3,"bench",$D25,"config",$Z$3,"stat",AE$4) -> 8644 | AF25: =GETPIVOTDATA("value",pivot!$A$3,"bench",$D25,"config",$Z$3,"stat",AF$4) -> 57507 | AG25: =GETPIVOTDATA("value",pivot!$A$3,"bench",$D25,"config",$Z$3,"stat",AG$4) -> 1975 | AI25: =SUM(H25:O25) -> 249571 | AJ25: =SUM(Q25:X25) -> 138448 | AK25: =SUM(Z25:AG25) -> 196610 | AM25: =(AI25/$E25)*1000 -> 4.99142 | AN25: =(AJ25/$E25)*1000 -> 2.76896 | AO25: =(AK25/$E25)*1000 -> 3.9322
A26: INT | B26: gcc.expr | D26: server_017 | E26: =GETPIVOTDATA("value",pivot!$A$3,"bench",$D26,"config",$E$3,"stat",E$4) -> 50000002 | H26: =GETPIVOTDATA("value",pivot!$A$3,"bench",$D26,"config",$H$3,"stat",H$4) -> 171994 | I26: =GETPIVOTDATA("value",pivot!$A$3,"bench",$D26,"config",$H$3,"stat",I$4) -> 152 | J26: =GETPIVOTDATA("value",pivot!$A$3,"bench",$D26,"config",$H$3,"stat",J$4) -> 4394 | K26: =GETPIVOTDATA("value",pivot!$A$3,"bench",$D26,"config",$H$3,"stat",K$4) -> 84978 | L26: =GETPIVOTDATA("value",pivot!$A$3,"bench",$D26,"config",$H$3,"stat",L$4) -> 59 | M26: =GETPIVOTDATA("value",pivot!$A$3,"bench",$D26,"config",$H$3,"stat",M$4) -> 212 | N26: =GETPIVOTDATA("value",pivot!$A$3,"bench",$D26,"config",$H$3,"stat",N$4) -> 94 | O26: =GETPIVOTDATA("value",pivot!$A$3,"bench",$D26,"config",$H$3,"stat",O$4) -> 188 | Q26: =GETPIVOTDATA("value",pivot!$A$3,"bench",$D26,"config",$Q$3,"stat",Q$4) -> 169515 | R26: =GETPIVOTDATA("value",pivot!$A$3,"bench",$D26,"config",$Q$3,"stat",R$4) -> 155 | S26: =GETPIVOTDATA("value",pivot!$A$3,"bench",$D26,"config",$Q$3,"stat",S$4) -> 2271 | T26: =GETPIVOTDATA("value",pivot!$A$3,"bench",$D26,"config",$Q$3,"stat",T$4) -> 84993 | U26: =GETPIVOTDATA("value",pivot!$A$3,"bench",$D26,"config",$Q$3,"stat",U$4) -> 59 | V26: =GETPIVOTDATA("value",pivot!$A$3,"bench",$D26,"config",$Q$3,"stat",V$4) -> 223 | W26: =GETPIVOTDATA("value",pivot!$A$3,"bench",$D26,"config",$Q$3,"stat",W$4) -> 93 | X26: =GETPIVOTDATA("value",pivot!$A$3,"bench",$D26,"config",$Q$3,"stat",X$4) -> 195 | Z26: =GETPIVOTDATA("value",pivot!$A$3,"bench",$D26,"config",$Z$3,"stat",Z$4) -> 172003 | AA26: =GETPIVOTDATA("value",pivot!$A$3,"bench",$D26,"config",$Z$3,"stat",AA$4) -> 152 | AB26: =GETPIVOTDATA("value",pivot!$A$3,"bench",$D26,"config",$Z$3,"stat",AB$4) -> 2266 | AC26: =GETPIVOTDATA("value",pivot!$A$3,"bench",$D26,"config",$Z$3,"stat",AC$4) -> 84974 | AD26: =GETPIVOTDATA("value",pivot!$A$3,"bench",$D26,"config",$Z$3,"stat",AD$4) -> 57 | AE26: =GETPIVOTDATA("value",pivot!$A$3,"bench",$D26,"config",$Z$3,"stat",AE$4) -> 212 | AF26: =GETPIVOTDATA("value",pivot!$A$3,"bench",$D26,"config",$Z$3,"stat",AF$4) -> 229 | AG26: =GETPIVOTDATA("value",pivot!$A$3,"bench",$D26,"config",$Z$3,"stat",AG$4) -> 186 | AI26: =SUM(H26:O26) -> 262071 | AJ26: =SUM(Q26:X26) -> 257504 | AK26: =SUM(Z26:AG26) -> 260079 | AM26: =(AI26/$E26)*1000 -> 5.2414198 | AN26: =(AJ26/$E26)*1000 -> 5.1500798 | AO26: =(AK26/$E26)*1000 -> 5.2015798
A27: INT | B27: gcc.g23 | D27: server_018 | E27: =GETPIVOTDATA("value",pivot!$A$3,"bench",$D27,"config",$E$3,"stat",E$4) -> 50000002 | H27: =GETPIVOTDATA("value",pivot!$A$3,"bench",$D27,"config",$H$3,"stat",H$4) -> 183966 | I27: =GETPIVOTDATA("value",pivot!$A$3,"bench",$D27,"config",$H$3,"stat",I$4) -> 24 | J27: =GETPIVOTDATA("value",pivot!$A$3,"bench",$D27,"config",$H$3,"stat",J$4) -> 4756 | K27: =GETPIVOTDATA("value",pivot!$A$3,"bench",$D27,"config",$H$3,"stat",K$4) -> 93993 | L27: =GETPIVOTDATA("value",pivot!$A$3,"bench",$D27,"config",$H$3,"stat",L$4) -> 39 | M27: =GETPIVOTDATA("value",pivot!$A$3,"bench",$D27,"config",$H$3,"stat",M$4) -> 73 | N27: =GETPIVOTDATA("value",pivot!$A$3,"bench",$D27,"config",$H$3,"stat",N$4) -> 20 | O27: =GETPIVOTDATA("value",pivot!$A$3,"bench",$D27,"config",$H$3,"stat",O$4) -> 33 | Q27: =GETPIVOTDATA("value",pivot!$A$3,"bench",$D27,"config",$Q$3,"stat",Q$4) -> 181473 | R27: =GETPIVOTDATA("value",pivot!$A$3,"bench",$D27,"config",$Q$3,"stat",R$4) -> 26 | S27: =GETPIVOTDATA("value",pivot!$A$3,"bench",$D27,"config",$Q$3,"stat",S$4) -> 2403 | T27: =GETPIVOTDATA("value",pivot!$A$3,"bench",$D27,"config",$Q$3,"stat",T$4) -> 94037 | U27: =GETPIVOTDATA("value",pivot!$A$3,"bench",$D27,"config",$Q$3,"stat",U$4) -> 43 | V27: =GETPIVOTDATA("value",pivot!$A$3,"bench",$D27,"config",$Q$3,"stat",V$4) -> 84 | W27: =GETPIVOTDATA("value",pivot!$A$3,"bench",$D27,"config",$Q$3,"stat",W$4) -> 25 | X27: =GETPIVOTDATA("value",pivot!$A$3,"bench",$D27,"config",$Q$3,"stat",X$4) -> 36 | Z27: =GETPIVOTDATA("value",pivot!$A$3,"bench",$D27,"config",$Z$3,"stat",Z$4) -> 183961 | AA27: =GETPIVOTDATA("value",pivot!$A$3,"bench",$D27,"config",$Z$3,"stat",AA$4) -> 23 | AB27: =GETPIVOTDATA("value",pivot!$A$3,"bench",$D27,"config",$Z$3,"stat",AB$4) -> 2398 | AC27: =GETPIVOTDATA("value",pivot!$A$3,"bench",$D27,"config",$Z$3,"stat",AC$4) -> 93990 | AD27: =GETPIVOTDATA("value",pivot!$A$3,"bench",$D27,"config",$Z$3,"stat",AD$4) -> 39 | AE27: =GETPIVOTDATA("value",pivot!$A$3,"bench",$D27,"config",$Z$3,"stat",AE$4) -> 78 | AF27: =GETPIVOTDATA("value",pivot!$A$3,"bench",$D27,"config",$Z$3,"stat",AF$4) -> 182 | AG27: =GETPIVOTDATA("value",pivot!$A$3,"bench",$D27,"config",$Z$3,"stat",AG$4) -> 29 | AI27: =SUM(H27:O27) -> 282904 | AJ27: =SUM(Q27:X27) -> 278127 | AK27: =SUM(Z27:AG27) -> 280700 | AM27: =(AI27/$E27)*1000 -> 5.6580798 | AN27: =(AJ27/$E27)*1000 -> 5.5625398 | AO27: =(AK27/$E27)*1000 -> 5.6139998
A28: INT | B28: gcc.s04 | D28: server_019 | E28: =GETPIVOTDATA("value",pivot!$A$3,"bench",$D28,"config",$E$3,"stat",E$4) -> 50000001 | H28: =GETPIVOTDATA("value",pivot!$A$3,"bench",$D28,"config",$H$3,"stat",H$4) -> 202541 | I28: =GETPIVOTDATA("value",pivot!$A$3,"bench",$D28,"config",$H$3,"stat",I$4) -> 161 | J28: =GETPIVOTDATA("value",pivot!$A$3,"bench",$D28,"config",$H$3,"stat",J$4) -> 4300 | K28: =GETPIVOTDATA("value",pivot!$A$3,"bench",$D28,"config",$H$3,"stat",K$4) -> 82565 | L28: =GETPIVOTDATA("value",pivot!$A$3,"bench",$D28,"config",$H$3,"stat",L$4) -> 81 | M28: =GETPIVOTDATA("value",pivot!$A$3,"bench",$D28,"config",$H$3,"stat",M$4) -> 269 | N28: =GETPIVOTDATA("value",pivot!$A$3,"bench",$D28,"config",$H$3,"stat",N$4) -> 105 | O28: =GETPIVOTDATA("value",pivot!$A$3,"bench",$D28,"config",$H$3,"stat",O$4) -> 207 | Q28: =GETPIVOTDATA("value",pivot!$A$3,"bench",$D28,"config",$Q$3,"stat",Q$4) -> 200046 | R28: =GETPIVOTDATA("value",pivot!$A$3,"bench",$D28,"config",$Q$3,"stat",R$4) -> 165 | S28: =GETPIVOTDATA("value",pivot!$A$3,"bench",$D28,"config",$Q$3,"stat",S$4) -> 2238 | T28: =GETPIVOTDATA("value",pivot!$A$3,"bench",$D28,"config",$Q$3,"stat",T$4) -> 82624 | U28: =GETPIVOTDATA("value",pivot!$A$3,"bench",$D28,"config",$Q$3,"stat",U$4) -> 85 | V28: =GETPIVOTDATA("value",pivot!$A$3,"bench",$D28,"config",$Q$3,"stat",V$4) -> 288 | W28: =GETPIVOTDATA("value",pivot!$A$3,"bench",$D28,"config",$Q$3,"stat",W$4) -> 109 | X28: =GETPIVOTDATA("value",pivot!$A$3,"bench",$D28,"config",$Q$3,"stat",X$4) -> 215 | Z28: =GETPIVOTDATA("value",pivot!$A$3,"bench",$D28,"config",$Z$3,"stat",Z$4) -> 202553 | AA28: =GETPIVOTDATA("value",pivot!$A$3,"bench",$D28,"config",$Z$3,"stat",AA$4) -> 161 | AB28: =GETPIVOTDATA("value",pivot!$A$3,"bench",$D28,"config",$Z$3,"stat",AB$4) -> 2231 | AC28: =GETPIVOTDATA("value",pivot!$A$3,"bench",$D28,"config",$Z$3,"stat",AC$4) -> 82565 | AD28: =GETPIVOTDATA("value",pivot!$A$3,"bench",$D28,"config",$Z$3,"stat",AD$4) -> 82 | AE28: =GETPIVOTDATA("value",pivot!$A$3,"bench",$D28,"config",$Z$3,"stat",AE$4) -> 268 | AF28: =GETPIVOTDATA("value",pivot!$A$3,"bench",$D28,"config",$Z$3,"stat",AF$4) -> 247 | AG28: =GETPIVOTDATA("value",pivot!$A$3,"bench",$D28,"config",$Z$3,"stat",AG$4) -> 204 | AI28: =SUM(H28:O28) -> 290229 | AJ28: =SUM(Q28:X28) -> 285770 | AK28: =SUM(Z28:AG28) -> 288311 | AM28: =(AI28/$E28)*1000 -> 5.8045799 | AN28: =(AJ28/$E28)*1000 -> 5.7153999 | AO28: =(AK28/$E28)*1000 -> 5.7662199
A29: INT | B29: gcc.scilab | D29: server_020 | E29: =GETPIVOTDATA("value",pivot!$A$3,"bench",$D29,"config",$E$3,"stat",E$4) -> 50000001 | H29: =GETPIVOTDATA("value",pivot!$A$3,"bench",$D29,"config",$H$3,"stat",H$4) -> 186118 | I29: =GETPIVOTDATA("value",pivot!$A$3,"bench",$D29,"config",$H$3,"stat",I$4) -> 14 | J29: =GETPIVOTDATA("value",pivot!$A$3,"bench",$D29,"config",$H$3,"stat",J$4) -> 4703 | K29: =GETPIVOTDATA("value",pivot!$A$3,"bench",$D29,"config",$H$3,"stat",K$4) -> 93523 | L29: =GETPIVOTDATA("value",pivot!$A$3,"bench",$D29,"config",$H$3,"stat",L$4) -> 13 | M29: =GETPIVOTDATA("value",pivot!$A$3,"bench",$D29,"config",$H$3,"stat",M$4) -> 27 | N29: =GETPIVOTDATA("value",pivot!$A$3,"bench",$D29,"config",$H$3,"stat",N$4) -> 7 | O29: =GETPIVOTDATA("value",pivot!$A$3,"bench",$D29,"config",$H$3,"stat",O$4) -> 12 | Q29: =GETPIVOTDATA("value",pivot!$A$3,"bench",$D29,"config",$Q$3,"stat",Q$4) -> 183663 | R29: =GETPIVOTDATA("value",pivot!$A$3,"bench",$D29,"config",$Q$3,"stat",R$4) -> 14 | S29: =GETPIVOTDATA("value",pivot!$A$3,"bench",$D29,"config",$Q$3,"stat",S$4) -> 2360 | T29: =GETPIVOTDATA("value",pivot!$A$3,"bench",$D29,"config",$Q$3,"stat",T$4) -> 93512 | U29: =GETPIVOTDATA("value",pivot!$A$3,"bench",$D29,"config",$Q$3,"stat",U$4) -> 14 | V29: =GETPIVOTDATA("value",pivot!$A$3,"bench",$D29,"config",$Q$3,"stat",V$4) -> 31 | W29: =GETPIVOTDATA("value",pivot!$A$3,"bench",$D29,"config",$Q$3,"stat",W$4) -> 12 | X29: =GETPIVOTDATA("value",pivot!$A$3,"bench",$D29,"config",$Q$3,"stat",X$4) -> 10 | Z29: =GETPIVOTDATA("value",pivot!$A$3,"bench",$D29,"config",$Z$3,"stat",Z$4) -> 186114 | AA29: =GETPIVOTDATA("value",pivot!$A$3,"bench",$D29,"config",$Z$3,"stat",AA$4) -> 14 | AB29: =GETPIVOTDATA("value",pivot!$A$3,"bench",$D29,"config",$Z$3,"stat",AB$4) -> 2360 | AC29: =GETPIVOTDATA("value",pivot!$A$3,"bench",$D29,"config",$Z$3,"stat",AC$4) -> 93506 | AD29: =GETPIVOTDATA("value",pivot!$A$3,"bench",$D29,"config",$Z$3,"stat",AD$4) -> 11 | AE29: =GETPIVOTDATA("value",pivot!$A$3,"bench",$D29,"config",$Z$3,"stat",AE$4) -> 31 | AF29: =GETPIVOTDATA("value",pivot!$A$3,"bench",$D29,"config",$Z$3,"stat",AF$4) -> 160 | AG29: =GETPIVOTDATA("value",pivot!$A$3,"bench",$D29,"config",$Z$3,"stat",AG$4) -> 10 | AI29: =SUM(H29:O29) -> 284417 | AJ29: =SUM(Q29:X29) -> 279616 | AK29: =SUM(Z29:AG29) -> 282206 | AM29: =(AI29/$E29)*1000 -> 5.6883399 | AN29: =(AJ29/$E29)*1000 -> 5.5923199 | AO29: =(AK29/$E29)*1000 -> 5.6441199
A30: FP | B30: GemsFDTD | D30: server_021 | E30: =GETPIVOTDATA("value",pivot!$A$3,"bench",$D30,"config",$E$3,"stat",E$4) -> 50000000 | H30: =GETPIVOTDATA("value",pivot!$A$3,"bench",$D30,"config",$H$3,"stat",H$4) -> 191986 | I30: =GETPIVOTDATA("value",pivot!$A$3,"bench",$D30,"config",$H$3,"stat",I$4) -> 14 | J30: =GETPIVOTDATA("value",pivot!$A$3,"bench",$D30,"config",$H$3,"stat",J$4) -> 4854 | K30: =GETPIVOTDATA("value",pivot!$A$3,"bench",$D30,"config",$H$3,"stat",K$4) -> 96193 | L30: =GETPIVOTDATA("value",pivot!$A$3,"bench",$D30,"config",$H$3,"stat",L$4) -> 25 | M30: =GETPIVOTDATA("value",pivot!$A$3,"bench",$D30,"config",$H$3,"stat",M$4) -> 27 | N30: =GETPIVOTDATA("value",pivot!$A$3,"bench",$D30,"config",$H$3,"stat",N$4) -> 10 | O30: =GETPIVOTDATA("value",pivot!$A$3,"bench",$D30,"config",$H$3,"stat",O$4) -> 15 | Q30: =GETPIVOTDATA("value",pivot!$A$3,"bench",$D30,"config",$Q$3,"stat",Q$4) -> 188111 | R30: =GETPIVOTDATA("value",pivot!$A$3,"bench",$D30,"config",$Q$3,"stat",R$4) -> 16 | S30: =GETPIVOTDATA("value",pivot!$A$3,"bench",$D30,"config",$Q$3,"stat",S$4) -> 2443 | T30: =GETPIVOTDATA("value",pivot!$A$3,"bench",$D30,"config",$Q$3,"stat",T$4) -> 96220 | U30: =GETPIVOTDATA("value",pivot!$A$3,"bench",$D30,"config",$Q$3,"stat",U$4) -> 23 | V30: =GETPIVOTDATA("value",pivot!$A$3,"bench",$D30,"config",$Q$3,"stat",V$4) -> 37 | W30: =GETPIVOTDATA("value",pivot!$A$3,"bench",$D30,"config",$Q$3,"stat",W$4) -> 15 | X30: =GETPIVOTDATA("value",pivot!$A$3,"bench",$D30,"config",$Q$3,"stat",X$4) -> 15 | Z30: =GETPIVOTDATA("value",pivot!$A$3,"bench",$D30,"config",$Z$3,"stat",Z$4) -> 191993 | AA30: =GETPIVOTDATA("value",pivot!$A$3,"bench",$D30,"config",$Z$3,"stat",AA$4) -> 14 | AB30: =GETPIVOTDATA("value",pivot!$A$3,"bench",$D30,"config",$Z$3,"stat",AB$4) -> 2441 | AC30: =GETPIVOTDATA("value",pivot!$A$3,"bench",$D30,"config",$Z$3,"stat",AC$4) -> 96188 | AD30: =GETPIVOTDATA("value",pivot!$A$3,"bench",$D30,"config",$Z$3,"stat",AD$4) -> 21 | AE30: =GETPIVOTDATA("value",pivot!$A$3,"bench",$D30,"config",$Z$3,"stat",AE$4) -> 31 | AF30: =GETPIVOTDATA("value",pivot!$A$3,"bench",$D30,"config",$Z$3,"stat",AF$4) -> 170 | AG30: =GETPIVOTDATA("value",pivot!$A$3,"bench",$D30,"config",$Z$3,"stat",AG$4) -> 13 | AI30: =SUM(H30:O30) -> 293124 | AJ30: =SUM(Q30:X30) -> 286880 | AK30: =SUM(Z30:AG30) -> 290871 | AM30: =(AI30/$E30)*1000 -> 5.86248 | AN30: =(AJ30/$E30)*1000 -> 5.7376 | AO30: =(AK30/$E30)*1000 -> 5.81742
